word,arpabet,syllables,tokenized_word,hamming_distance,word_frequency,phon_vec
towns,"['T', 'AW', 'N', 'Z']",['towns'],['towns'],0.0,2.45e-05,"[33, 5, 27, 38, 0, 0, 0, 0]"
carter,"['K', 'AA', 'R', 'T', 'ER']",['carter'],['carter'],0.0,2.24e-05,"[24, 1, 30, 33, 8, 0, 0, 0]"
eve,"['IY', 'V']",['eve'],['eve'],0.0,2.09e-05,"[11, 35, 0, 0, 0, 0, 0, 0]"
worry,"['W', 'ER', 'IY']",['worry'],['worry'],0.0,6.92e-05,"[36, 8, 11, 0, 0, 0, 0, 0]"
hearts,"['HH', 'AA', 'R', 'T', 'S']",['hearts'],['hearts'],0.0,2.75e-05,"[22, 1, 30, 33, 31, 0, 0, 0]"
makers,"['M', 'EY', 'K', 'ER', 'Z']",['makers'],['makers'],0.0,1.45e-05,"[26, 9, 24, 8, 38, 0, 0, 0]"
odds,"['AA', 'D', 'Z']",['odds'],['odds'],0.0,1.91e-05,"[1, 18, 38, 0, 0, 0, 0, 0]"
cyprus,"['S', 'AY', 'P', 'R', 'AH', 'S']",['cyprus'],['cyprus'],0.0,5.13e-06,"[31, 6, 29, 30, 3, 31, 0, 0]"
emails,"['IY', 'M', 'EY', 'L', 'Z']",['emails'],['emails'],0.0,1.74e-05,"[11, 26, 9, 25, 38, 0, 0, 0]"
wise,"['W', 'AY', 'Z']",['wise'],['wise'],0.0,3.24e-05,"[36, 6, 38, 0, 0, 0, 0, 0]"
marc,"['M', 'AA', 'R', 'K']",['marc'],['marc'],0.0,1.07e-05,"[26, 1, 30, 24, 0, 0, 0, 0]"
weak,"['W', 'IY', 'K']",['weak'],['weak'],0.0,4.57e-05,"[36, 11, 24, 0, 0, 0, 0, 0]"
patches,"['P', 'AE', 'CH', 'AH', 'Z']",['patches'],['patches'],0.0,7.24e-06,"[29, 2, 17, 3, 38, 0, 0, 0]"
clay,"['K', 'L', 'EY']",['clay'],['clay'],0.0,1.95e-05,"[24, 25, 9, 0, 0, 0, 0, 0]"
laid,"['L', 'EY', 'D']",['laid'],['laid'],0.0,3.63e-05,"[25, 9, 18, 0, 0, 0, 0, 0]"
sight,"['S', 'AY', 'T']",['sight'],['sight'],0.0,3.47e-05,"[31, 6, 33, 0, 0, 0, 0, 0]"
tones,"['T', 'OW', 'N', 'Z']",['tones'],['tones'],0.0,5.75e-06,"[33, 12, 27, 38, 0, 0, 0, 0]"
nancy,"['N', 'AE', 'N', 'S', 'IY']",['nancy'],['nancy'],0.0,1.38e-05,"[27, 2, 27, 31, 11, 0, 0, 0]"
sole,"['S', 'OW', 'L']",['sole'],['sole'],0.0,1.95e-05,"[31, 12, 25, 0, 0, 0, 0, 0]"
johnny,"['JH', 'AA', 'N', 'IY']",['johnny'],['johnny'],0.0,2.24e-05,"[23, 1, 27, 11, 0, 0, 0, 0]"
pad,"['P', 'AE', 'D']",['pad'],['pad'],0.0,1.02e-05,"[29, 2, 18, 0, 0, 0, 0, 0]"
silk,"['S', 'IH', 'L', 'K']",['silk'],['silk'],0.0,1.29e-05,"[31, 10, 25, 24, 0, 0, 0, 0]"
cuba,"['K', 'Y', 'UW', 'B', 'AH']",['cuba'],['cuba'],0.0,1.35e-05,"[24, 37, 15, 16, 3, 0, 0, 0]"
fault,"['F', 'AO', 'L', 'T']",['fault'],['fault'],0.0,4.37e-05,"[20, 4, 25, 33, 0, 0, 0, 0]"
saudi,"['S', 'AO', 'D', 'IY']",['saudi'],['saudi'],0.0,2.04e-05,"[31, 4, 18, 11, 0, 0, 0, 0]"
rod,"['R', 'AA', 'D']",['rod'],['rod'],0.0,1.38e-05,"[30, 1, 18, 0, 0, 0, 0, 0]"
overnight,"['OW', 'V', 'ER', 'N', 'AY', 'T']",['overnight'],['overnight'],0.0,1.55e-05,"[12, 35, 8, 27, 6, 33, 0, 0]"
versus,"['V', 'ER', 'S', 'AH', 'S']",['versus'],['versus'],0.0,2.09e-05,"[35, 8, 31, 3, 31, 0, 0, 0]"
billing,"['B', 'IH', 'L', 'IH', 'NG']",['billing'],['billing'],0.0,3.89e-06,"[16, 10, 25, 10, 28, 0, 0, 0]"
glory,"['G', 'L', 'AO', 'R', 'IY']",['glory'],['glory'],0.0,2.29e-05,"[21, 25, 4, 30, 11, 0, 0, 0]"
amp,"['AE', 'M', 'P']",['amp'],['amp'],0.0,6.31e-06,"[2, 26, 29, 0, 0, 0, 0, 0]"
leaf,"['L', 'IY', 'F']",['leaf'],['leaf'],0.0,1.66e-05,"[25, 11, 20, 0, 0, 0, 0, 0]"
sons,"['S', 'AH', 'N', 'Z']",['sons'],['sons'],0.0,3.16e-05,"[31, 3, 27, 38, 0, 0, 0, 0]"
roles,"['R', 'OW', 'L', 'Z']",['roles'],['roles'],0.0,2.75e-05,"[30, 12, 25, 38, 0, 0, 0, 0]"
reads,"['R', 'IY', 'D', 'Z']",['reads'],['reads'],0.0,1.78e-05,"[30, 11, 18, 38, 0, 0, 0, 0]"
phrase,"['F', 'R', 'EY', 'Z']",['phrase'],['phrase'],0.0,2e-05,"[20, 30, 9, 38, 0, 0, 0, 0]"
widely,"['W', 'AY', 'D', 'L', 'IY']",['widely'],['widely'],0.0,3.47e-05,"[36, 6, 18, 25, 11, 0, 0, 0]"
danger,"['D', 'EY', 'N', 'JH', 'ER']",['danger'],['danger'],0.0,3.89e-05,"[18, 9, 27, 23, 8, 0, 0, 0]"
pleased,"['P', 'L', 'IY', 'Z', 'D']",['pleased'],['pleased'],0.0,2.75e-05,"[29, 25, 11, 38, 18, 0, 0, 0]"
sealed,"['S', 'IY', 'L', 'D']",['sealed'],['sealed'],0.0,1.32e-05,"[31, 11, 25, 18, 0, 0, 0, 0]"
den,"['D', 'EH', 'N']",['den'],['den'],0.0,1.02e-05,"[18, 7, 27, 0, 0, 0, 0, 0]"
icons,"['AY', 'K', 'AA', 'N', 'Z']",['icons'],['icons'],0.0,5.5e-06,"[6, 24, 1, 27, 38, 0, 0, 0]"
mill,"['M', 'IH', 'L']",['mill'],['mill'],0.0,2.4e-05,"[26, 10, 25, 0, 0, 0, 0, 0]"
boost,"['B', 'UW', 'S', 'T']",['boost'],['boost'],0.0,2.57e-05,"[16, 15, 31, 33, 0, 0, 0, 0]"
balls,"['B', 'AO', 'L', 'Z']",['balls'],['balls'],0.0,3.31e-05,"[16, 4, 25, 38, 0, 0, 0, 0]"
scenes,"['S', 'IY', 'N', 'Z']",['scenes'],['scenes'],0.0,3.8e-05,"[31, 11, 27, 38, 0, 0, 0, 0]"
fred,"['F', 'R', 'EH', 'D']",['fred'],['fred'],0.0,1.62e-05,"[20, 30, 7, 18, 0, 0, 0, 0]"
loaded,"['L', 'OW', 'D', 'AH', 'D']",['loaded'],['loaded'],0.0,1.78e-05,"[25, 12, 18, 3, 18, 0, 0, 0]"
thai,"['T', 'AY']",['thai'],['thai'],0.0,1.48e-05,"[33, 6, 0, 0, 0, 0, 0, 0]"
keeps,"['K', 'IY', 'P', 'S']",['keeps'],['keeps'],0.0,4.68e-05,"[24, 11, 29, 31, 0, 0, 0, 0]"
deputy,"['D', 'EH', 'P', 'Y', 'AH', 'T', 'IY']",['deputy'],['deputy'],0.0,3.55e-05,"[18, 7, 29, 37, 3, 33, 11, 0]"
hunt,"['HH', 'AH', 'N', 'T']",['hunt'],['hunt'],0.0,3.09e-05,"[22, 3, 27, 33, 0, 0, 0, 0]"
sensor,"['S', 'EH', 'N', 'S', 'ER']",['sensor'],['sensor'],0.0,8.32e-06,"[31, 7, 27, 31, 8, 0, 0, 0]"
folks,"['F', 'OW', 'K', 'S']",['folks'],['folks'],0.0,3.89e-05,"[20, 12, 24, 31, 0, 0, 0, 0]"
pills,"['P', 'IH', 'L', 'Z']",['pills'],['pills'],0.0,1.12e-05,"[29, 10, 25, 38, 0, 0, 0, 0]"
candy,"['K', 'AE', 'N', 'D', 'IY']",['candy'],['candy'],0.0,1.95e-05,"[24, 2, 27, 18, 11, 0, 0, 0]"
partly,"['P', 'AA', 'R', 'T', 'L', 'IY']",['partly'],['partly'],0.0,2e-05,"[29, 1, 30, 33, 25, 11, 0, 0]"
tokyo,"['T', 'OW', 'K', 'IY', 'OW']",['tokyo'],['tokyo'],0.0,1.86e-05,"[33, 12, 24, 11, 12, 0, 0, 0]"
shopper,"['SH', 'AA', 'P', 'ER']","['shop', 'per']","['shop', '##per']",0.0,1.55e-06,"[32, 1, 29, 8, 0, 0, 0, 0]"
tough,"['T', 'AH', 'F']",['tough'],['tough'],0.0,5.89e-05,"[33, 3, 20, 0, 0, 0, 0, 0]"
shorts,"['SH', 'AO', 'R', 'T', 'S']",['shorts'],['shorts'],0.0,1.17e-05,"[32, 4, 30, 33, 31, 0, 0, 0]"
solve,"['S', 'AA', 'L', 'V']",['solve'],['solve'],0.0,2.63e-05,"[31, 1, 25, 35, 0, 0, 0, 0]"
churches,"['CH', 'ER', 'CH', 'AH', 'Z']",['churches'],['churches'],0.0,1.86e-05,"[17, 8, 17, 3, 38, 0, 0, 0]"
craig,"['K', 'R', 'EY', 'G']",['craig'],['craig'],0.0,1.51e-05,"[24, 30, 9, 21, 0, 0, 0, 0]"
billy,"['B', 'IH', 'L', 'IY']",['billy'],['billy'],0.0,2.14e-05,"[16, 10, 25, 11, 0, 0, 0, 0]"
chest,"['CH', 'EH', 'S', 'T']",['chest'],['chest'],0.0,3.31e-05,"[17, 7, 31, 33, 0, 0, 0, 0]"
lie,"['L', 'AY']",['lie'],['lie'],0.0,6.92e-05,"[25, 6, 0, 0, 0, 0, 0, 0]"
gonna,"['G', 'AA', 'N', 'AH']",['gonna'],['gonna'],0.0,0.000195,"[21, 1, 27, 3, 0, 0, 0, 0]"
roberts,"['R', 'AA', 'B', 'ER', 'T', 'S']",['roberts'],['roberts'],0.0,1.45e-05,"[30, 1, 16, 8, 33, 31, 0, 0]"
kate,"['K', 'EY', 'T']",['kate'],['kate'],0.0,2.19e-05,"[24, 9, 33, 0, 0, 0, 0, 0]"
wooden,"['W', 'UH', 'D', 'AH', 'N']",['wooden'],['wooden'],0.0,2.14e-05,"[36, 14, 18, 3, 27, 0, 0, 0]"
bread,"['B', 'R', 'EH', 'D']",['bread'],['bread'],0.0,3.16e-05,"[16, 30, 7, 18, 0, 0, 0, 0]"
ourselves,"['AW', 'ER', 'S', 'EH', 'L', 'V', 'Z']",['ourselves'],['ourselves'],0.0,4.17e-05,"[5, 8, 31, 7, 25, 35, 38, 0]"
labs,"['L', 'AE', 'B', 'Z']",['labs'],['labs'],0.0,6.61e-06,"[25, 2, 16, 38, 0, 0, 0, 0]"
roses,"['R', 'OW', 'Z', 'IH', 'Z']",['roses'],['roses'],0.0,1.02e-05,"[30, 12, 38, 10, 38, 0, 0, 0]"
burn,"['B', 'ER', 'N']",['burn'],['burn'],0.0,3.39e-05,"[16, 8, 27, 0, 0, 0, 0, 0]"
trained,"['T', 'R', 'EY', 'N', 'D']",['trained'],['trained'],0.0,3.8e-05,"[33, 30, 9, 27, 18, 0, 0, 0]"
pound,"['P', 'AW', 'N', 'D']",['pound'],['pound'],0.0,2.09e-05,"[29, 5, 27, 18, 0, 0, 0, 0]"
poems,"['P', 'OW', 'AH', 'M', 'Z']",['poems'],['poems'],0.0,1.29e-05,"[29, 12, 3, 26, 38, 0, 0, 0]"
gnome,"['N', 'OW', 'M']",['gnome'],['gnome'],0.0,1.58e-06,"[27, 12, 26, 0, 0, 0, 0, 0]"
stones,"['S', 'T', 'OW', 'N', 'Z']",['stones'],['stones'],0.0,2.04e-05,"[31, 33, 12, 27, 38, 0, 0, 0]"
wash,"['W', 'AA', 'SH']",['wash'],['wash'],0.0,2.88e-05,"[36, 1, 32, 0, 0, 0, 0, 0]"
powder,"['P', 'AW', 'D', 'ER']",['powder'],['powder'],0.0,1.78e-05,"[29, 5, 18, 8, 0, 0, 0, 0]"
winds,"['W', 'IH', 'N', 'D', 'Z']",['winds'],['winds'],0.0,1.66e-05,"[36, 10, 27, 18, 38, 0, 0, 0]"
sur,"['S', 'ER']",['sur'],['sur'],0.0,5.01e-06,"[31, 8, 0, 0, 0, 0, 0, 0]"
stages,"['S', 'T', 'EY', 'JH', 'AH', 'Z']",['stages'],['stages'],0.0,2.69e-05,"[31, 33, 9, 23, 3, 38, 0, 0]"
equipped,"['IH', 'K', 'W', 'IH', 'P', 'T']",['equipped'],['equipped'],0.0,1.91e-05,"[10, 24, 36, 10, 29, 33, 0, 0]"
collins,"['K', 'AA', 'L', 'IH', 'N', 'Z']",['collins'],['collins'],0.0,1.41e-05,"[24, 1, 25, 10, 27, 38, 0, 0]"
roots,"['R', 'UW', 'T', 'S']",['roots'],['roots'],0.0,2.19e-05,"[30, 15, 33, 31, 0, 0, 0, 0]"
swedish,"['S', 'W', 'IY', 'D', 'IH', 'SH']",['swedish'],['swedish'],0.0,1.62e-05,"[31, 36, 11, 18, 10, 32, 0, 0]"
spin,"['S', 'P', 'IH', 'N']",['spin'],['spin'],0.0,2.4e-05,"[31, 29, 10, 27, 0, 0, 0, 0]"
elite,"['IH', 'L', 'IY', 'T']",['elite'],['elite'],0.0,2.51e-05,"[10, 25, 11, 33, 0, 0, 0, 0]"
philip,"['F', 'IH', 'L', 'AH', 'P']",['philip'],['philip'],0.0,1.91e-05,"[20, 10, 25, 3, 29, 0, 0, 0]"
payday,"['P', 'EY', 'D', 'EY']","['pay', 'day']","['pay', '##day']",0.0,4.07e-06,"[29, 9, 18, 9, 0, 0, 0, 0]"
mint,"['M', 'IH', 'N', 'T']",['mint'],['mint'],0.0,8.32e-06,"[26, 10, 27, 33, 0, 0, 0, 0]"
shoot,"['SH', 'UW', 'T']",['shoot'],['shoot'],0.0,5.37e-05,"[32, 15, 33, 0, 0, 0, 0, 0]"
seeker,"['S', 'IY', 'K', 'ER']",['seeker'],['seeker'],0.0,2.57e-06,"[31, 11, 24, 8, 0, 0, 0, 0]"
dated,"['D', 'EY', 'T', 'IH', 'D']",['dated'],['dated'],0.0,1.95e-05,"[18, 9, 33, 10, 18, 0, 0, 0]"
pending,"['P', 'EH', 'N', 'D', 'IH', 'NG']",['pending'],['pending'],0.0,1.05e-05,"[29, 7, 27, 18, 10, 28, 0, 0]"
routine,"['R', 'UW', 'T', 'IY', 'N']",['routine'],['routine'],0.0,2.34e-05,"[30, 15, 33, 11, 27, 0, 0, 0]"
slots,"['S', 'L', 'AA', 'T', 'S']",['slots'],['slots'],0.0,6.76e-06,"[31, 25, 1, 33, 31, 0, 0, 0]"
answered,"['AE', 'N', 'S', 'ER', 'D']",['answered'],['answered'],0.0,2.09e-05,"[2, 27, 31, 8, 18, 0, 0, 0]"
jam,"['JH', 'AE', 'M']",['jam'],['jam'],0.0,1.48e-05,"[23, 2, 26, 0, 0, 0, 0, 0]"
cooper,"['K', 'UW', 'P', 'ER']",['cooper'],['cooper'],0.0,1.82e-05,"[24, 15, 29, 8, 0, 0, 0, 0]"
triple,"['T', 'R', 'IH', 'P', 'AH', 'L']",['triple'],['triple'],0.0,2.04e-05,"[33, 30, 10, 29, 3, 25, 0, 0]"
soap,"['S', 'OW', 'P']",['soap'],['soap'],0.0,1.51e-05,"[31, 12, 29, 0, 0, 0, 0, 0]"
kennedy,"['K', 'EH', 'N', 'AH', 'D', 'IY']",['kennedy'],['kennedy'],0.0,1.91e-05,"[24, 7, 27, 3, 18, 11, 0, 0]"
corp,"['K', 'AO', 'R', 'P']",['corp'],['corp'],0.0,1.86e-05,"[24, 4, 30, 29, 0, 0, 0, 0]"
meta,"['M', 'IY', 'T', 'AH']",['meta'],['meta'],0.0,5.5e-06,"[26, 11, 33, 3, 0, 0, 0, 0]"
earned,"['ER', 'N', 'D']",['earned'],['earned'],0.0,3.55e-05,"[8, 27, 18, 0, 0, 0, 0, 0]"
aims,"['EY', 'M', 'Z']",['aims'],['aims'],0.0,1.62e-05,"[9, 26, 38, 0, 0, 0, 0, 0]"
loose,"['L', 'UW', 'S']",['loose'],['loose'],0.0,2.88e-05,"[25, 15, 31, 0, 0, 0, 0, 0]"
knight,"['N', 'AY', 'T']",['knight'],['knight'],0.0,1.91e-05,"[27, 6, 33, 0, 0, 0, 0, 0]"
loves,"['L', 'AH', 'V', 'Z']",['loves'],['loves'],0.0,4.57e-05,"[25, 3, 35, 38, 0, 0, 0, 0]"
shore,"['SH', 'AO', 'R']",['shore'],['shore'],0.0,2.14e-05,"[32, 4, 30, 0, 0, 0, 0, 0]"
rev,"['R', 'EH', 'V']",['rev'],['rev'],0.0,1.32e-05,"[30, 7, 35, 0, 0, 0, 0, 0]"
noble,"['N', 'OW', 'B', 'AH', 'L']",['noble'],['noble'],0.0,1.74e-05,"[27, 12, 16, 3, 25, 0, 0, 0]"
grounds,"['G', 'R', 'AW', 'N', 'D', 'Z']",['grounds'],['grounds'],0.0,2.69e-05,"[21, 30, 5, 27, 18, 38, 0, 0]"
slip,"['S', 'L', 'IH', 'P']",['slip'],['slip'],0.0,1.91e-05,"[31, 25, 10, 29, 0, 0, 0, 0]"
proven,"['P', 'R', 'UW', 'V', 'AH', 'N']",['proven'],['proven'],0.0,2.14e-05,"[29, 30, 15, 35, 3, 27, 0, 0]"
barry,"['B', 'AE', 'R', 'IY']",['barry'],['barry'],0.0,1.82e-05,"[16, 2, 30, 11, 0, 0, 0, 0]"
wright,"['R', 'AY', 'T']",['wright'],['wright'],0.0,1.58e-05,"[30, 6, 33, 0, 0, 0, 0, 0]"
pot,"['P', 'AA', 'T']",['pot'],['pot'],0.0,2.51e-05,"[29, 1, 33, 0, 0, 0, 0, 0]"
hurt,"['HH', 'ER', 'T']",['hurt'],['hurt'],0.0,8.71e-05,"[22, 8, 33, 0, 0, 0, 0, 0]"
meal,"['M', 'IY', 'L']",['meal'],['meal'],0.0,3.02e-05,"[26, 11, 25, 0, 0, 0, 0, 0]"
kick,"['K', 'IH', 'K']",['kick'],['kick'],0.0,5.25e-05,"[24, 10, 24, 0, 0, 0, 0, 0]"
fits,"['F', 'IH', 'T', 'S']",['fits'],['fits'],0.0,1.86e-05,"[20, 10, 33, 31, 0, 0, 0, 0]"
quarterly,"['K', 'W', 'AO', 'R', 'T', 'ER', 'L', 'IY']",['quarterly'],['quarterly'],0.0,9.77e-06,"[24, 36, 4, 30, 33, 8, 25, 11]"
samuel,"['S', 'AE', 'M', 'Y', 'UW', 'L']",['samuel'],['samuel'],0.0,1.55e-05,"[31, 2, 26, 37, 15, 25, 0, 0]"
cal,"['K', 'AE', 'L']",['cal'],['cal'],0.0,1.02e-05,"[24, 2, 25, 0, 0, 0, 0, 0]"
rugby,"['R', 'AH', 'G', 'B', 'IY']",['rugby'],['rugby'],0.0,2.51e-05,"[30, 3, 21, 16, 11, 0, 0, 0]"
slowly,"['S', 'L', 'OW', 'L', 'IY']",['slowly'],['slowly'],0.0,4.27e-05,"[31, 25, 12, 25, 11, 0, 0, 0]"
wolf,"['W', 'UH', 'L', 'F']",['wolf'],['wolf'],0.0,2.24e-05,"[36, 14, 25, 20, 0, 0, 0, 0]"
sad,"['S', 'AE', 'D']",['sad'],['sad'],0.0,6.92e-05,"[31, 2, 18, 0, 0, 0, 0, 0]"
compaq,"['K', 'AA', 'M', 'P', 'AE', 'K']","['com', 'paq']","['com', '##pa', '##q']",0.0,5.5e-07,"[24, 1, 26, 29, 2, 24, 0, 0]"
jimmy,"['JH', 'IH', 'M', 'IY']",['jimmy'],['jimmy'],0.0,2.75e-05,"[23, 10, 26, 11, 0, 0, 0, 0]"
charlie,"['CH', 'AA', 'R', 'L', 'IY']",['charlie'],['charlie'],0.0,2.69e-05,"[17, 1, 30, 25, 11, 0, 0, 0]"
swing,"['S', 'W', 'IH', 'NG']",['swing'],['swing'],0.0,2.19e-05,"[31, 36, 10, 28, 0, 0, 0, 0]"
theft,"['TH', 'EH', 'F', 'T']",['theft'],['theft'],0.0,1.35e-05,"[34, 7, 20, 33, 0, 0, 0, 0]"
pill,"['P', 'IH', 'L']",['pill'],['pill'],0.0,1.07e-05,"[29, 10, 25, 0, 0, 0, 0, 0]"
caps,"['K', 'AE', 'P', 'S']",['caps'],['caps'],0.0,1.41e-05,"[24, 2, 29, 31, 0, 0, 0, 0]"
egg,"['EH', 'G']",['egg'],['egg'],0.0,2.88e-05,"[7, 21, 0, 0, 0, 0, 0, 0]"
manga,"['M', 'AE', 'NG', 'G', 'AH']",['manga'],['manga'],0.0,9.33e-06,"[26, 2, 28, 21, 3, 0, 0, 0]"
sized,"['S', 'AY', 'Z', 'D']",['sized'],['sized'],0.0,1.86e-05,"[31, 6, 38, 18, 0, 0, 0, 0]"
mars,"['M', 'AA', 'R', 'Z']",['mars'],['mars'],0.0,1.86e-05,"[26, 1, 30, 38, 0, 0, 0, 0]"
nipples,"['N', 'IH', 'P', 'AH', 'L', 'Z']",['nipples'],['nipples'],0.0,3.89e-06,"[27, 10, 29, 3, 25, 38, 0, 0]"
laura,"['L', 'AO', 'R', 'AH']",['laura'],['laura'],0.0,1.74e-05,"[25, 4, 30, 3, 0, 0, 0, 0]"
pee,"['P', 'IY']",['pee'],['pee'],0.0,9.12e-06,"[29, 11, 0, 0, 0, 0, 0, 0]"
chapters,"['CH', 'AE', 'P', 'T', 'ER', 'Z']",['chapters'],['chapters'],0.0,1.26e-05,"[17, 2, 29, 33, 8, 38, 0, 0]"
cuts,"['K', 'AH', 'T', 'S']",['cuts'],['cuts'],0.0,2.63e-05,"[24, 3, 33, 31, 0, 0, 0, 0]"
kenya,"['K', 'EH', 'N', 'Y', 'AH']",['kenya'],['kenya'],0.0,1.35e-05,"[24, 7, 27, 37, 3, 0, 0, 0]"
cherry,"['CH', 'EH', 'R', 'IY']",['cherry'],['cherry'],0.0,1.51e-05,"[17, 7, 30, 11, 0, 0, 0, 0]"
grass,"['G', 'R', 'AE', 'S']",['grass'],['grass'],0.0,2.4e-05,"[21, 30, 2, 31, 0, 0, 0, 0]"
profits,"['P', 'R', 'AA', 'F', 'IH', 'T', 'S']",['profits'],['profits'],0.0,2.29e-05,"[29, 30, 1, 20, 10, 33, 31, 0]"
rpm,"['AA', 'R', 'P', 'IY', 'EH', 'M']",['rpm'],['rpm'],0.0,3.09e-06,"[1, 30, 29, 11, 7, 26, 0, 0]"
walls,"['W', 'AO', 'L', 'Z']",['walls'],['walls'],0.0,4.17e-05,"[36, 4, 25, 38, 0, 0, 0, 0]"
beast,"['B', 'IY', 'S', 'T']",['beast'],['beast'],0.0,1.95e-05,"[16, 11, 31, 33, 0, 0, 0, 0]"
kiss,"['K', 'IH', 'S']",['kiss'],['kiss'],0.0,3.8e-05,"[24, 10, 31, 0, 0, 0, 0, 0]"
roof,"['R', 'UW', 'F']",['roof'],['roof'],0.0,3.55e-05,"[30, 15, 20, 0, 0, 0, 0, 0]"
ian,"['IY', 'AH', 'N']",['ian'],['ian'],0.0,2.09e-05,"[11, 3, 27, 0, 0, 0, 0, 0]"
drawn,"['D', 'R', 'AO', 'N']",['drawn'],['drawn'],0.0,3.39e-05,"[18, 30, 4, 27, 0, 0, 0, 0]"
ward,"['W', 'AO', 'R', 'D']",['ward'],['ward'],0.0,2.34e-05,"[36, 4, 30, 18, 0, 0, 0, 0]"
tie,"['T', 'AY']",['tie'],['tie'],0.0,3.24e-05,"[33, 6, 0, 0, 0, 0, 0, 0]"
ebony,"['EH', 'B', 'AH', 'N', 'IY']",['ebony'],['ebony'],0.0,2.19e-06,"[7, 16, 3, 27, 11, 0, 0, 0]"
abroad,"['AH', 'B', 'R', 'AO', 'D']",['abroad'],['abroad'],0.0,2.45e-05,"[3, 16, 30, 4, 18, 0, 0, 0]"
dodge,"['D', 'AA', 'JH']",['dodge'],['dodge'],0.0,8.51e-06,"[18, 1, 23, 0, 0, 0, 0, 0]"
shock,"['SH', 'AA', 'K']",['shock'],['shock'],0.0,2.88e-05,"[32, 1, 24, 0, 0, 0, 0, 0]"
launched,"['L', 'AO', 'N', 'CH', 'T']",['launched'],['launched'],0.0,4.27e-05,"[25, 4, 27, 17, 33, 0, 0, 0]"
baker,"['B', 'EY', 'K', 'ER']",['baker'],['baker'],0.0,1.7e-05,"[16, 9, 24, 8, 0, 0, 0, 0]"
flags,"['F', 'L', 'AE', 'G', 'Z']",['flags'],['flags'],0.0,1.23e-05,"[20, 25, 2, 21, 38, 0, 0, 0]"
ear,"['IY', 'R']",['ear'],['ear'],0.0,2.69e-05,"[11, 30, 0, 0, 0, 0, 0, 0]"
adds,"['AE', 'D', 'Z']",['adds'],['adds'],0.0,2.4e-05,"[2, 18, 38, 0, 0, 0, 0, 0]"
kent,"['K', 'EH', 'N', 'T']",['kent'],['kent'],0.0,1.48e-05,"[24, 7, 27, 33, 0, 0, 0, 0]"
kings,"['K', 'IH', 'NG', 'Z']",['kings'],['kings'],0.0,2.57e-05,"[24, 10, 28, 38, 0, 0, 0, 0]"
closely,"['K', 'L', 'OW', 'S', 'L', 'IY']",['closely'],['closely'],0.0,3.39e-05,"[24, 25, 12, 31, 25, 11, 0, 0]"
yoga,"['Y', 'OW', 'G', 'AH']",['yoga'],['yoga'],0.0,1.58e-05,"[37, 12, 21, 3, 0, 0, 0, 0]"
jokes,"['JH', 'OW', 'K', 'S']",['jokes'],['jokes'],0.0,2.14e-05,"[23, 12, 24, 31, 0, 0, 0, 0]"
nashville,"['N', 'AE', 'SH', 'V', 'IH', 'L']",['nashville'],['nashville'],0.0,9.55e-06,"[27, 2, 32, 35, 10, 25, 0, 0]"
couples,"['K', 'AH', 'P', 'AH', 'L', 'Z']",['couples'],['couples'],0.0,2.19e-05,"[24, 3, 29, 3, 25, 38, 0, 0]"
phil,"['F', 'IH', 'L']",['phil'],['phil'],0.0,2.34e-05,"[20, 10, 25, 0, 0, 0, 0, 0]"
shoppers,"['SH', 'AA', 'P', 'ER', 'Z']","['shop', 'pers']","['shop', '##pers']",0.0,3.55e-06,"[32, 1, 29, 8, 38, 0, 0, 0]"
rico,"['R', 'IY', 'K', 'OW']",['rico'],['rico'],0.0,9.33e-06,"[30, 11, 24, 12, 0, 0, 0, 0]"
lamp,"['L', 'AE', 'M', 'P']",['lamp'],['lamp'],0.0,1.12e-05,"[25, 2, 26, 29, 0, 0, 0, 0]"
woods,"['W', 'UH', 'D', 'Z']",['woods'],['woods'],0.0,2.82e-05,"[36, 14, 18, 38, 0, 0, 0, 0]"
serves,"['S', 'ER', 'V', 'Z']",['serves'],['serves'],0.0,2.45e-05,"[31, 8, 35, 38, 0, 0, 0, 0]"
butt,"['B', 'AH', 'T']",['butt'],['butt'],0.0,1.91e-05,"[16, 3, 33, 0, 0, 0, 0, 0]"
vendors,"['V', 'EH', 'N', 'D', 'ER', 'Z']",['vendors'],['vendors'],0.0,5.89e-06,"[35, 7, 27, 18, 8, 38, 0, 0]"
cluster,"['K', 'L', 'AH', 'S', 'T', 'ER']",['cluster'],['cluster'],0.0,9.77e-06,"[24, 25, 3, 31, 33, 8, 0, 0]"
nearest,"['N', 'IH', 'R', 'AH', 'S', 'T']",['nearest'],['nearest'],0.0,1.29e-05,"[27, 10, 30, 3, 31, 33, 0, 0]"
ukraine,"['Y', 'UW', 'K', 'R', 'EY', 'N']",['ukraine'],['ukraine'],0.0,2.09e-05,"[37, 15, 24, 30, 9, 27, 0, 0]"
rush,"['R', 'AH', 'SH']",['rush'],['rush'],0.0,3.02e-05,"[30, 3, 32, 0, 0, 0, 0, 0]"
mod,"['M', 'AO', 'D']",['mod'],['mod'],0.0,8.13e-06,"[26, 4, 18, 0, 0, 0, 0, 0]"
yards,"['Y', 'AA', 'R', 'D', 'Z']",['yards'],['yards'],0.0,3.24e-05,"[37, 1, 30, 18, 38, 0, 0, 0]"
pizza,"['P', 'IY', 'T', 'S', 'AH']",['pizza'],['pizza'],0.0,2.69e-05,"[29, 11, 33, 31, 3, 0, 0, 0]"
inter,"['IH', 'N', 'T', 'ER']",['inter'],['inter'],0.0,1.45e-05,"[10, 27, 33, 8, 0, 0, 0, 0]"
thompson,"['T', 'AA', 'M', 'P', 'S', 'AH', 'N']",['thompson'],['thompson'],0.0,1.91e-05,"[33, 1, 26, 29, 31, 3, 27, 0]"
dad,"['D', 'AE', 'D']",['dad'],['dad'],0.0,8.91e-05,"[18, 2, 18, 0, 0, 0, 0, 0]"
spray,"['S', 'P', 'R', 'EY']",['spray'],['spray'],0.0,1.51e-05,"[31, 29, 30, 9, 0, 0, 0, 0]"
mall,"['M', 'AO', 'L']",['mall'],['mall'],0.0,1.95e-05,"[26, 4, 25, 0, 0, 0, 0, 0]"
korean,"['K', 'AO', 'R', 'IY', 'AH', 'N']",['korean'],['korean'],0.0,3.09e-05,"[24, 4, 30, 11, 3, 27, 0, 0]"
grove,"['G', 'R', 'OW', 'V']",['grove'],['grove'],0.0,8.71e-06,"[21, 30, 12, 35, 0, 0, 0, 0]"
lisa,"['L', 'IY', 'S', 'AH']",['lisa'],['lisa'],0.0,1.95e-05,"[25, 11, 31, 3, 0, 0, 0, 0]"
heights,"['HH', 'AY', 'T', 'S']",['heights'],['heights'],0.0,1.38e-05,"[22, 6, 33, 31, 0, 0, 0, 0]"
closer,"['K', 'L', 'OW', 'S', 'ER']",['closer'],['closer'],0.0,5.37e-05,"[24, 25, 12, 31, 8, 0, 0, 0]"
roads,"['R', 'OW', 'D', 'Z']",['roads'],['roads'],0.0,3.55e-05,"[30, 12, 18, 38, 0, 0, 0, 0]"
lift,"['L', 'IH', 'F', 'T']",['lift'],['lift'],0.0,3.16e-05,"[25, 10, 20, 33, 0, 0, 0, 0]"
crash,"['K', 'R', 'AE', 'SH']",['crash'],['crash'],0.0,3.55e-05,"[24, 30, 2, 32, 0, 0, 0, 0]"
priced,"['P', 'R', 'AY', 'S', 'T']",['priced'],['priced'],0.0,9.33e-06,"[29, 30, 6, 31, 33, 0, 0, 0]"
counts,"['K', 'AW', 'N', 'T', 'S']",['counts'],['counts'],0.0,1.91e-05,"[24, 5, 27, 33, 31, 0, 0, 0]"
okay,"['OW', 'K', 'EY']",['okay'],['okay'],0.0,0.000115,"[12, 24, 9, 0, 0, 0, 0, 0]"
fraud,"['F', 'R', 'AO', 'D']",['fraud'],['fraud'],0.0,2.34e-05,"[20, 30, 4, 18, 0, 0, 0, 0]"
org,"['AO', 'R', 'G']",['org'],['org'],0.0,3.55e-06,"[4, 30, 21, 0, 0, 0, 0, 0]"
folk,"['F', 'OW', 'K']",['folk'],['folk'],0.0,1.66e-05,"[20, 12, 24, 0, 0, 0, 0, 0]"
grades,"['G', 'R', 'EY', 'D', 'Z']",['grades'],['grades'],0.0,1.91e-05,"[21, 30, 9, 18, 38, 0, 0, 0]"
lakes,"['L', 'EY', 'K', 'S']",['lakes'],['lakes'],0.0,1.38e-05,"[25, 9, 24, 31, 0, 0, 0, 0]"
stopped,"['S', 'T', 'AA', 'P', 'T']",['stopped'],['stopped'],0.0,6.92e-05,"[31, 33, 1, 29, 33, 0, 0, 0]"
losses,"['L', 'AO', 'S', 'AH', 'Z']",['losses'],['losses'],0.0,2.82e-05,"[25, 4, 31, 3, 38, 0, 0, 0]"
radar,"['R', 'EY', 'D', 'AA', 'R']",['radar'],['radar'],0.0,1.58e-05,"[30, 9, 18, 1, 30, 0, 0, 0]"
hence,"['HH', 'EH', 'N', 'S']",['hence'],['hence'],0.0,2.4e-05,"[22, 7, 27, 31, 0, 0, 0, 0]"
dust,"['D', 'AH', 'S', 'T']",['dust'],['dust'],0.0,2.57e-05,"[18, 3, 31, 33, 0, 0, 0, 0]"
lodging,"['L', 'AA', 'JH', 'IH', 'NG']",['lodging'],['lodging'],0.0,2.75e-06,"[25, 1, 23, 10, 28, 0, 0, 0]"
reg,"['R', 'EH', 'G']",['reg'],['reg'],0.0,4.79e-06,"[30, 7, 21, 0, 0, 0, 0, 0]"
pour,"['P', 'AO', 'R']",['pour'],['pour'],0.0,1.26e-05,"[29, 4, 30, 0, 0, 0, 0, 0]"
simpson,"['S', 'IH', 'M', 'P', 'S', 'AH', 'N']",['simpson'],['simpson'],0.0,1.02e-05,"[31, 10, 26, 29, 31, 3, 27, 0]"
yield,"['Y', 'IY', 'L', 'D']",['yield'],['yield'],0.0,1.45e-05,"[37, 11, 25, 18, 0, 0, 0, 0]"
sean,"['SH', 'AO', 'N']",['sean'],['sean'],0.0,2.04e-05,"[32, 4, 27, 0, 0, 0, 0, 0]"
murder,"['M', 'ER', 'D', 'ER']",['murder'],['murder'],0.0,7.24e-05,"[26, 8, 18, 8, 0, 0, 0, 0]"
faces,"['F', 'EY', 'S', 'AH', 'Z']",['faces'],['faces'],0.0,3.89e-05,"[20, 9, 31, 3, 38, 0, 0, 0]"
yard,"['Y', 'AA', 'R', 'D']",['yard'],['yard'],0.0,3.72e-05,"[37, 1, 30, 18, 0, 0, 0, 0]"
fell,"['F', 'EH', 'L']",['fell'],['fell'],0.0,7.08e-05,"[20, 7, 25, 0, 0, 0, 0, 0]"
rolling,"['R', 'OW', 'L', 'IH', 'NG']",['rolling'],['rolling'],0.0,2.95e-05,"[30, 12, 25, 10, 28, 0, 0, 0]"
pat,"['P', 'AE', 'T']",['pat'],['pat'],0.0,1.74e-05,"[29, 2, 33, 0, 0, 0, 0, 0]"
shit,"['SH', 'IH', 'T']",['shit'],['shit'],0.0,0.000302,"[32, 10, 33, 0, 0, 0, 0, 0]"
chips,"['CH', 'IH', 'P', 'S']",['chips'],['chips'],0.0,1.62e-05,"[17, 10, 29, 31, 0, 0, 0, 0]"
vista,"['V', 'IH', 'S', 'T', 'AH']",['vista'],['vista'],0.0,5.13e-06,"[35, 10, 31, 33, 3, 0, 0, 0]"
nec,"['N', 'EH', 'K']",['nec'],['nec'],0.0,2.04e-06,"[27, 7, 24, 0, 0, 0, 0, 0]"
glasses,"['G', 'L', 'AE', 'S', 'AH', 'Z']",['glasses'],['glasses'],0.0,2.19e-05,"[21, 25, 2, 31, 3, 38, 0, 0]"
drum,"['D', 'R', 'AH', 'M']",['drum'],['drum'],0.0,1.29e-05,"[18, 30, 3, 26, 0, 0, 0, 0]"
philips,"['F', 'IH', 'L', 'AH', 'P', 'S']",['philips'],['philips'],0.0,2.57e-06,"[20, 10, 25, 3, 29, 31, 0, 0]"
thick,"['TH', 'IH', 'K']",['thick'],['thick'],0.0,2.88e-05,"[34, 10, 24, 0, 0, 0, 0, 0]"
lucky,"['L', 'AH', 'K', 'IY']",['lucky'],['lucky'],0.0,5.89e-05,"[25, 3, 24, 11, 0, 0, 0, 0]"
secrets,"['S', 'IY', 'K', 'R', 'AH', 'T', 'S']",['secrets'],['secrets'],0.0,2.04e-05,"[31, 11, 24, 30, 3, 33, 31, 0]"
terry,"['T', 'EH', 'R', 'IY']",['terry'],['terry'],0.0,1.74e-05,"[33, 7, 30, 11, 0, 0, 0, 0]"
opens,"['OW', 'P', 'AH', 'N', 'Z']",['opens'],['opens'],0.0,2.69e-05,"[12, 29, 3, 27, 38, 0, 0, 0]"
wells,"['W', 'EH', 'L', 'Z']",['wells'],['wells'],0.0,1.78e-05,"[36, 7, 25, 38, 0, 0, 0, 0]"
rising,"['R', 'AY', 'Z', 'IH', 'NG']",['rising'],['rising'],0.0,3.31e-05,"[30, 6, 38, 10, 28, 0, 0, 0]"
puzzle,"['P', 'AH', 'Z', 'AH', 'L']",['puzzle'],['puzzle'],0.0,9.12e-06,"[29, 3, 38, 3, 25, 0, 0, 0]"
lan,"['L', 'AE', 'N']",['lan'],['lan'],0.0,4.37e-06,"[25, 2, 27, 0, 0, 0, 0, 0]"
wake,"['W', 'EY', 'K']",['wake'],['wake'],0.0,5.75e-05,"[36, 9, 24, 0, 0, 0, 0, 0]"
modes,"['M', 'OW', 'D', 'Z']",['modes'],['modes'],0.0,9.12e-06,"[26, 12, 18, 38, 0, 0, 0, 0]"
coastal,"['K', 'OW', 'S', 'T', 'AH', 'L']",['coastal'],['coastal'],0.0,1.55e-05,"[24, 12, 31, 33, 3, 25, 0, 0]"
fairly,"['F', 'EH', 'R', 'L', 'IY']",['fairly'],['fairly'],0.0,3.16e-05,"[20, 7, 30, 25, 11, 0, 0, 0]"
smile,"['S', 'M', 'AY', 'L']",['smile'],['smile'],0.0,4.37e-05,"[31, 26, 6, 25, 0, 0, 0, 0]"
trucks,"['T', 'R', 'AH', 'K', 'S']",['trucks'],['trucks'],0.0,1.58e-05,"[33, 30, 3, 24, 31, 0, 0, 0]"
rick,"['R', 'IH', 'K']",['rick'],['rick'],0.0,2.09e-05,"[30, 10, 24, 0, 0, 0, 0, 0]"
gulf,"['G', 'AH', 'L', 'F']",['gulf'],['gulf'],0.0,1.91e-05,"[21, 3, 25, 20, 0, 0, 0, 0]"
tend,"['T', 'EH', 'N', 'D']",['tend'],['tend'],0.0,3.72e-05,"[33, 7, 27, 18, 0, 0, 0, 0]"
pine,"['P', 'AY', 'N']",['pine'],['pine'],0.0,1.26e-05,"[29, 6, 27, 0, 0, 0, 0, 0]"
broker,"['B', 'R', 'OW', 'K', 'ER']",['broker'],['broker'],0.0,7.76e-06,"[16, 30, 12, 24, 8, 0, 0, 0]"
armed,"['AA', 'R', 'M', 'D']",['armed'],['armed'],0.0,3.89e-05,"[1, 30, 26, 18, 0, 0, 0, 0]"
troops,"['T', 'R', 'UW', 'P', 'S']",['troops'],['troops'],0.0,4.37e-05,"[33, 30, 15, 29, 31, 0, 0, 0]"
lands,"['L', 'AE', 'N', 'D', 'Z']",['lands'],['lands'],0.0,2.34e-05,"[25, 2, 27, 18, 38, 0, 0, 0]"
telling,"['T', 'EH', 'L', 'IH', 'NG']",['telling'],['telling'],0.0,8.32e-05,"[33, 7, 25, 10, 28, 0, 0, 0]"
clause,"['K', 'L', 'AO', 'Z']",['clause'],['clause'],0.0,9.77e-06,"[24, 25, 4, 38, 0, 0, 0, 0]"
jerry,"['JH', 'EH', 'R', 'IY']",['jerry'],['jerry'],0.0,1.82e-05,"[23, 7, 30, 11, 0, 0, 0, 0]"
centres,"['S', 'EH', 'N', 'T', 'ER', 'Z']",['centres'],['centres'],0.0,1.26e-05,"[31, 7, 27, 33, 8, 38, 0, 0]"
lovely,"['L', 'AH', 'V', 'L', 'IY']",['lovely'],['lovely'],0.0,5.5e-05,"[25, 3, 35, 25, 11, 0, 0, 0]"
grown,"['G', 'R', 'OW', 'N']",['grown'],['grown'],0.0,4.68e-05,"[21, 30, 12, 27, 0, 0, 0, 0]"
arena,"['ER', 'IY', 'N', 'AH']",['arena'],['arena'],0.0,2.14e-05,"[8, 11, 27, 3, 0, 0, 0, 0]"
ease,"['IY', 'Z']",['ease'],['ease'],0.0,2.19e-05,"[11, 38, 0, 0, 0, 0, 0, 0]"
flood,"['F', 'L', 'AH', 'D']",['flood'],['flood'],0.0,2.19e-05,"[20, 25, 3, 18, 0, 0, 0, 0]"
nobody,"['N', 'OW', 'B', 'AA', 'D', 'IY']",['nobody'],['nobody'],0.0,8.91e-05,"[27, 12, 16, 1, 18, 11, 0, 0]"
chile,"['CH', 'IH', 'L', 'IY']",['chile'],['chile'],0.0,1.15e-05,"[17, 10, 25, 11, 0, 0, 0, 0]"
ross,"['R', 'AA', 'S']",['ross'],['ross'],0.0,2.45e-05,"[30, 1, 31, 0, 0, 0, 0, 0]"
linda,"['L', 'IH', 'N', 'D', 'AH']",['linda'],['linda'],0.0,1.15e-05,"[25, 10, 27, 18, 3, 0, 0, 0]"
cloudy,"['K', 'L', 'AW', 'D', 'IY']",['cloudy'],['cloudy'],0.0,3.55e-06,"[24, 25, 5, 18, 11, 0, 0, 0]"
keith,"['K', 'IY', 'TH']",['keith'],['keith'],0.0,1.48e-05,"[24, 11, 34, 0, 0, 0, 0, 0]"
pride,"['P', 'R', 'AY', 'D']",['pride'],['pride'],0.0,3.09e-05,"[29, 30, 6, 18, 0, 0, 0, 0]"
boss,"['B', 'AA', 'S']",['boss'],['boss'],0.0,5.75e-05,"[16, 1, 31, 0, 0, 0, 0, 0]"
mit,"['EH', 'M', 'AY', 'T', 'IY']",['mit'],['mit'],0.0,5.5e-06,"[7, 26, 6, 33, 11, 0, 0, 0]"
ghost,"['G', 'OW', 'S', 'T']",['ghost'],['ghost'],0.0,2.63e-05,"[21, 12, 31, 33, 0, 0, 0, 0]"
anna,"['AE', 'N', 'AH']",['anna'],['anna'],0.0,2.34e-05,"[2, 27, 3, 0, 0, 0, 0, 0]"
kerry,"['K', 'EH', 'R', 'IY']",['kerry'],['kerry'],0.0,7.08e-06,"[24, 7, 30, 11, 0, 0, 0, 0]"
rep,"['R', 'EH', 'P']",['rep'],['rep'],0.0,2.24e-05,"[30, 7, 29, 0, 0, 0, 0, 0]"
shareware,"['SH', 'EH', 'R', 'W', 'EH', 'R']","['share', 'ware']","['share', '##ware']",0.0,1.91e-07,"[32, 7, 30, 36, 7, 30, 0, 0]"
rack,"['R', 'AE', 'K']",['rack'],['rack'],0.0,7.94e-06,"[30, 2, 24, 0, 0, 0, 0, 0]"
globe,"['G', 'L', 'OW', 'B']",['globe'],['globe'],0.0,1.91e-05,"[21, 25, 12, 16, 0, 0, 0, 0]"
wins,"['W', 'IH', 'N', 'Z']",['wins'],['wins'],0.0,5.01e-05,"[36, 10, 27, 38, 0, 0, 0, 0]"
glad,"['G', 'L', 'AE', 'D']",['glad'],['glad'],0.0,7.94e-05,"[21, 25, 2, 18, 0, 0, 0, 0]"
palace,"['P', 'AE', 'L', 'AH', 'S']",['palace'],['palace'],0.0,2.82e-05,"[29, 2, 25, 3, 31, 0, 0, 0]"
plaza,"['P', 'L', 'AA', 'Z', 'AH']",['plaza'],['plaza'],0.0,8.13e-06,"[29, 25, 1, 38, 3, 0, 0, 0]"
thermal,"['TH', 'ER', 'M', 'AH', 'L']",['thermal'],['thermal'],0.0,1.1e-05,"[34, 8, 26, 3, 25, 0, 0, 0]"
acres,"['EY', 'K', 'ER', 'Z']",['acres'],['acres'],0.0,1.48e-05,"[9, 24, 8, 38, 0, 0, 0, 0]"
plates,"['P', 'L', 'EY', 'T', 'S']",['plates'],['plates'],0.0,1.66e-05,"[29, 25, 9, 33, 31, 0, 0, 0]"
nova,"['N', 'OW', 'V', 'AH']",['nova'],['nova'],0.0,8.32e-06,"[27, 12, 35, 3, 0, 0, 0, 0]"
trans,"['T', 'R', 'AE', 'N', 'Z']",['trans'],['trans'],0.0,2.57e-05,"[33, 30, 2, 27, 38, 0, 0, 0]"
thumbnail,"['TH', 'AH', 'M', 'N', 'EY', 'L']","['thumb', 'nail']","['thumb', '##nail']",0.0,1.74e-06,"[34, 3, 26, 27, 9, 25, 0, 0]"
toe,"['T', 'OW']",['toe'],['toe'],0.0,1.17e-05,"[33, 12, 0, 0, 0, 0, 0, 0]"
sri,"['SH', 'R', 'IY']",['sri'],['sri'],0.0,1.32e-05,"[32, 30, 11, 0, 0, 0, 0, 0]"
quest,"['K', 'W', 'EH', 'S', 'T']",['quest'],['quest'],0.0,1.86e-05,"[24, 36, 7, 31, 33, 0, 0, 0]"
rocks,"['R', 'AA', 'K', 'S']",['rocks'],['rocks'],0.0,2.4e-05,"[30, 1, 24, 31, 0, 0, 0, 0]"
writes,"['R', 'AY', 'T', 'S']",['writes'],['writes'],0.0,2.29e-05,"[30, 6, 33, 31, 0, 0, 0, 0]"
brass,"['B', 'R', 'AE', 'S']",['brass'],['brass'],0.0,1.12e-05,"[16, 30, 2, 31, 0, 0, 0, 0]"
tall,"['T', 'AO', 'L']",['tall'],['tall'],0.0,3.31e-05,"[33, 4, 25, 0, 0, 0, 0, 0]"
wealth,"['W', 'EH', 'L', 'TH']",['wealth'],['wealth'],0.0,3.24e-05,"[36, 7, 25, 34, 0, 0, 0, 0]"
maria,"['M', 'ER', 'IY', 'AH']",['maria'],['maria'],0.0,2.19e-05,"[26, 8, 11, 3, 0, 0, 0, 0]"
throat,"['TH', 'R', 'OW', 'T']",['throat'],['throat'],0.0,2e-05,"[34, 30, 12, 33, 0, 0, 0, 0]"
solo,"['S', 'OW', 'L', 'OW']",['solo'],['solo'],0.0,4.07e-05,"[31, 12, 25, 12, 0, 0, 0, 0]"
plenty,"['P', 'L', 'EH', 'N', 'T', 'IY']",['plenty'],['plenty'],0.0,5.25e-05,"[29, 25, 7, 27, 33, 11, 0, 0]"
slave,"['S', 'L', 'EY', 'V']",['slave'],['slave'],0.0,2.04e-05,"[31, 25, 9, 35, 0, 0, 0, 0]"
equally,"['IY', 'K', 'W', 'AH', 'L', 'IY']",['equally'],['equally'],0.0,2.45e-05,"[11, 24, 36, 3, 25, 11, 0, 0]"
bedding,"['B', 'EH', 'D', 'IH', 'NG']","['bed', 'ding']","['bed', '##ding']",0.0,2.51e-06,"[16, 7, 18, 10, 28, 0, 0, 0]"
spears,"['S', 'P', 'IH', 'R', 'Z']",['spears'],['spears'],0.0,4.57e-06,"[31, 29, 10, 30, 38, 0, 0, 0]"
rat,"['R', 'AE', 'T']",['rat'],['rat'],0.0,1.48e-05,"[30, 2, 33, 0, 0, 0, 0, 0]"
schemes,"['S', 'K', 'IY', 'M', 'Z']",['schemes'],['schemes'],0.0,1.07e-05,"[31, 24, 11, 26, 38, 0, 0, 0]"
struggle,"['S', 'T', 'R', 'AH', 'G', 'AH', 'L']",['struggle'],['struggle'],0.0,4.17e-05,"[31, 33, 30, 3, 21, 3, 25, 0]"
ties,"['T', 'AY', 'Z']",['ties'],['ties'],0.0,2.24e-05,"[33, 6, 38, 0, 0, 0, 0, 0]"
painted,"['P', 'EY', 'N', 'T', 'AH', 'D']",['painted'],['painted'],0.0,2.24e-05,"[29, 9, 27, 33, 3, 18, 0, 0]"
trek,"['T', 'R', 'EH', 'K']",['trek'],['trek'],0.0,9.12e-06,"[33, 30, 7, 24, 0, 0, 0, 0]"
brad,"['B', 'R', 'AE', 'D']",['brad'],['brad'],0.0,1.32e-05,"[16, 30, 2, 18, 0, 0, 0, 0]"
tin,"['T', 'IH', 'N']",['tin'],['tin'],0.0,1.07e-05,"[33, 10, 27, 0, 0, 0, 0, 0]"
grew,"['G', 'R', 'UW']",['grew'],['grew'],0.0,4.9e-05,"[21, 30, 15, 0, 0, 0, 0, 0]"
puts,"['P', 'UH', 'T', 'S']",['puts'],['puts'],0.0,3.39e-05,"[29, 14, 33, 31, 0, 0, 0, 0]"
shaped,"['SH', 'EY', 'P', 'T']",['shaped'],['shaped'],0.0,2.4e-05,"[32, 9, 29, 33, 0, 0, 0, 0]"
corn,"['K', 'AO', 'R', 'N']",['corn'],['corn'],0.0,1.55e-05,"[24, 4, 30, 27, 0, 0, 0, 0]"
pulled,"['P', 'UH', 'L', 'D']",['pulled'],['pulled'],0.0,4.68e-05,"[29, 14, 25, 18, 0, 0, 0, 0]"
tune,"['T', 'UW', 'N']",['tune'],['tune'],0.0,1.86e-05,"[33, 15, 27, 0, 0, 0, 0, 0]"
rap,"['R', 'AE', 'P']",['rap'],['rap'],0.0,1.32e-05,"[30, 2, 29, 0, 0, 0, 0, 0]"
gates,"['G', 'EY', 'T', 'S']",['gates'],['gates'],0.0,2e-05,"[21, 9, 33, 31, 0, 0, 0, 0]"
lawn,"['L', 'AO', 'N']",['lawn'],['lawn'],0.0,9.55e-06,"[25, 4, 27, 0, 0, 0, 0, 0]"
broke,"['B', 'R', 'OW', 'K']",['broke'],['broke'],0.0,7.08e-05,"[16, 30, 12, 24, 0, 0, 0, 0]"
branches,"['B', 'R', 'AE', 'N', 'CH', 'AH', 'Z']",['branches'],['branches'],0.0,1.62e-05,"[16, 30, 2, 27, 17, 3, 38, 0]"
nose,"['N', 'OW', 'Z']",['nose'],['nose'],0.0,3.24e-05,"[27, 12, 38, 0, 0, 0, 0, 0]"
byte,"['B', 'AY', 'T']",['byte'],['byte'],0.0,1.41e-06,"[16, 6, 33, 0, 0, 0, 0, 0]"
crimes,"['K', 'R', 'AY', 'M', 'Z']",['crimes'],['crimes'],0.0,2.69e-05,"[24, 30, 6, 26, 38, 0, 0, 0]"
drunk,"['D', 'R', 'AH', 'NG', 'K']",['drunk'],['drunk'],0.0,4.07e-05,"[18, 30, 3, 28, 24, 0, 0, 0]"
ranch,"['R', 'AE', 'N', 'CH']",['ranch'],['ranch'],0.0,1.07e-05,"[30, 2, 27, 17, 0, 0, 0, 0]"
soup,"['S', 'UW', 'P']",['soup'],['soup'],0.0,1.41e-05,"[31, 15, 29, 0, 0, 0, 0, 0]"
basin,"['B', 'EY', 'S', 'AH', 'N']",['basin'],['basin'],0.0,1.2e-05,"[16, 9, 31, 3, 27, 0, 0, 0]"
bikes,"['B', 'AY', 'K', 'S']",['bikes'],['bikes'],0.0,7.76e-06,"[16, 6, 24, 31, 0, 0, 0, 0]"
charm,"['CH', 'AA', 'R', 'M']",['charm'],['charm'],0.0,1.32e-05,"[17, 1, 30, 26, 0, 0, 0, 0]"
tail,"['T', 'EY', 'L']",['tail'],['tail'],0.0,2.19e-05,"[33, 9, 25, 0, 0, 0, 0, 0]"
dos,"['D', 'AO', 'S']",['dos'],['dos'],0.0,4.9e-06,"[18, 4, 31, 0, 0, 0, 0, 0]"
jury,"['JH', 'UH', 'R', 'IY']",['jury'],['jury'],0.0,3.09e-05,"[23, 14, 30, 11, 0, 0, 0, 0]"
haven,"['HH', 'EY', 'V', 'AH', 'N']",['haven'],['haven'],0.0,1.35e-05,"[22, 9, 35, 3, 27, 0, 0, 0]"
guilty,"['G', 'IH', 'L', 'T', 'IY']",['guilty'],['guilty'],0.0,4.07e-05,"[21, 10, 25, 33, 11, 0, 0, 0]"
worlds,"['W', 'ER', 'L', 'D', 'Z']",['worlds'],['worlds'],0.0,1.7e-05,"[36, 8, 25, 18, 38, 0, 0, 0]"
combo,"['K', 'AA', 'M', 'B', 'OW']",['combo'],['combo'],0.0,6.31e-06,"[24, 1, 26, 16, 12, 0, 0, 0]"
athens,"['AE', 'TH', 'AH', 'N', 'Z']",['athens'],['athens'],0.0,8.32e-06,"[2, 34, 3, 27, 38, 0, 0, 0]"
locked,"['L', 'AA', 'K', 'T']",['locked'],['locked'],0.0,2.69e-05,"[25, 1, 24, 33, 0, 0, 0, 0]"
norton,"['N', 'AO', 'R', 'T', 'AH', 'N']",['norton'],['norton'],0.0,5.62e-06,"[27, 4, 30, 33, 3, 27, 0, 0]"
afraid,"['AH', 'F', 'R', 'EY', 'D']",['afraid'],['afraid'],0.0,5.01e-05,"[3, 20, 30, 9, 18, 0, 0, 0]"
eggs,"['EH', 'G', 'Z']",['eggs'],['eggs'],0.0,3.16e-05,"[7, 21, 38, 0, 0, 0, 0, 0]"
ins,"['IH', 'N', 'Z']",['ins'],['ins'],0.0,8.32e-06,"[10, 27, 38, 0, 0, 0, 0, 0]"
arising,"['ER', 'AY', 'Z', 'IH', 'NG']",['arising'],['arising'],0.0,5.25e-06,"[8, 6, 38, 10, 28, 0, 0, 0]"
walked,"['W', 'AO', 'K', 'T']",['walked'],['walked'],0.0,4.68e-05,"[36, 4, 24, 33, 0, 0, 0, 0]"
seo,"['S', 'IY', 'OW']",['seo'],['seo'],0.0,1.02e-05,"[31, 11, 12, 0, 0, 0, 0, 0]"
judges,"['JH', 'AH', 'JH', 'IH', 'Z']",['judges'],['judges'],0.0,2.63e-05,"[23, 3, 23, 10, 38, 0, 0, 0]"
sunglasses,"['S', 'AH', 'N', 'G', 'L', 'AE', 'S', 'IH', 'Z']",['sunglasses'],['sunglasses'],0.0,5.25e-06,"[31, 3, 27, 21, 25, 2, 31, 10]"
payable,"['P', 'EY', 'AH', 'B', 'AH', 'L']","['pay', 'able']","['pay', '##able']",0.0,3.16e-06,"[29, 9, 3, 16, 3, 25, 0, 0]"
panama,"['P', 'AE', 'N', 'AH', 'M', 'AA']",['panama'],['panama'],0.0,7.24e-06,"[29, 2, 27, 3, 26, 1, 0, 0]"
fame,"['F', 'EY', 'M']",['fame'],['fame'],0.0,2.19e-05,"[20, 9, 26, 0, 0, 0, 0, 0]"
sauce,"['S', 'AO', 'S']",['sauce'],['sauce'],0.0,2e-05,"[31, 4, 31, 0, 0, 0, 0, 0]"
chase,"['CH', 'EY', 'S']",['chase'],['chase'],0.0,2.75e-05,"[17, 9, 31, 0, 0, 0, 0, 0]"
juice,"['JH', 'UW', 'S']",['juice'],['juice'],0.0,2.29e-05,"[23, 15, 31, 0, 0, 0, 0, 0]"
chi,"['K', 'AY']",['chi'],['chi'],0.0,8.91e-06,"[24, 6, 0, 0, 0, 0, 0, 0]"
hood,"['HH', 'UH', 'D']",['hood'],['hood'],0.0,1.62e-05,"[22, 14, 18, 0, 0, 0, 0, 0]"
nurses,"['N', 'ER', 'S', 'AH', 'Z']",['nurses'],['nurses'],0.0,1.38e-05,"[27, 8, 31, 3, 38, 0, 0, 0]"
killer,"['K', 'IH', 'L', 'ER']",['killer'],['killer'],0.0,2.95e-05,"[24, 10, 25, 8, 0, 0, 0, 0]"
voted,"['V', 'OW', 'T', 'AH', 'D']",['voted'],['voted'],0.0,4.17e-05,"[35, 12, 33, 3, 18, 0, 0, 0]"
tagged,"['T', 'AE', 'G', 'D']",['tagged'],['tagged'],0.0,6.61e-06,"[33, 2, 21, 18, 0, 0, 0, 0]"
flu,"['F', 'L', 'UW']",['flu'],['flu'],0.0,9.12e-06,"[20, 25, 15, 0, 0, 0, 0, 0]"
drew,"['D', 'R', 'UW']",['drew'],['drew'],0.0,2.88e-05,"[18, 30, 15, 0, 0, 0, 0, 0]"
opt,"['AA', 'P', 'T']",['opt'],['opt'],0.0,7.94e-06,"[1, 29, 33, 0, 0, 0, 0, 0]"
lanka,"['L', 'AE', 'NG', 'K', 'AH']",['lanka'],['lanka'],0.0,7.76e-06,"[25, 2, 28, 24, 3, 0, 0, 0]"
proxy,"['P', 'R', 'AA', 'K', 'S', 'IY']",['proxy'],['proxy'],0.0,5.37e-06,"[29, 30, 1, 24, 31, 11, 0, 0]"
stem,"['S', 'T', 'EH', 'M']",['stem'],['stem'],0.0,2e-05,"[31, 33, 7, 26, 0, 0, 0, 0]"
nepal,"['N', 'AH', 'P', 'AO', 'L']",['nepal'],['nepal'],0.0,6.76e-06,"[27, 3, 29, 4, 25, 0, 0, 0]"
venezuela,"['V', 'EH', 'N', 'IH', 'Z', 'W', 'EY', 'L', 'AH']",['venezuela'],['venezuela'],0.0,8.51e-06,"[35, 7, 27, 10, 38, 36, 9, 25]"
flows,"['F', 'L', 'OW', 'Z']",['flows'],['flows'],0.0,1.38e-05,"[20, 25, 12, 38, 0, 0, 0, 0]"
cemetery,"['S', 'EH', 'M', 'AH', 'T', 'EH', 'R', 'IY']",['cemetery'],['cemetery'],0.0,1.15e-05,"[31, 7, 26, 3, 33, 7, 30, 11]"
screens,"['S', 'K', 'R', 'IY', 'N', 'Z']",['screens'],['screens'],0.0,1.07e-05,"[31, 24, 30, 11, 27, 38, 0, 0]"
claimed,"['K', 'L', 'EY', 'M', 'D']",['claimed'],['claimed'],0.0,4.37e-05,"[24, 25, 9, 26, 18, 0, 0, 0]"
threshold,"['TH', 'R', 'EH', 'SH', 'OW', 'L', 'D']",['threshold'],['threshold'],0.0,1.07e-05,"[34, 30, 7, 32, 12, 25, 18, 0]"
beads,"['B', 'IY', 'D', 'Z']",['beads'],['beads'],0.0,4.9e-06,"[16, 11, 18, 38, 0, 0, 0, 0]"
ruby,"['R', 'UW', 'B', 'IY']",['ruby'],['ruby'],0.0,9.55e-06,"[30, 15, 16, 11, 0, 0, 0, 0]"
panties,"['P', 'AE', 'N', 'T', 'IY', 'Z']",['panties'],['panties'],0.0,4.68e-06,"[29, 2, 27, 33, 11, 38, 0, 0]"
cure,"['K', 'Y', 'UH', 'R']",['cure'],['cure'],0.0,2.09e-05,"[24, 37, 14, 30, 0, 0, 0, 0]"
voters,"['V', 'OW', 'T', 'ER', 'Z']",['voters'],['voters'],0.0,2.88e-05,"[35, 12, 33, 8, 38, 0, 0, 0]"
headed,"['HH', 'EH', 'D', 'AH', 'D']",['headed'],['headed'],0.0,3.55e-05,"[22, 7, 18, 3, 18, 0, 0, 0]"
turbo,"['T', 'ER', 'B', 'OW']",['turbo'],['turbo'],0.0,5.5e-06,"[33, 8, 16, 12, 0, 0, 0, 0]"
salon,"['S', 'AH', 'L', 'AA', 'N']",['salon'],['salon'],0.0,7.41e-06,"[31, 3, 25, 1, 27, 0, 0, 0]"
fake,"['F', 'EY', 'K']",['fake'],['fake'],0.0,4.47e-05,"[20, 9, 24, 0, 0, 0, 0, 0]"
solely,"['S', 'OW', 'L', 'L', 'IY']",['solely'],['solely'],0.0,1.58e-05,"[31, 12, 25, 25, 11, 0, 0, 0]"
coin,"['K', 'OY', 'N']",['coin'],['coin'],0.0,1.55e-05,"[24, 13, 27, 0, 0, 0, 0, 0]"
spots,"['S', 'P', 'AA', 'T', 'S']",['spots'],['spots'],0.0,2.14e-05,"[31, 29, 1, 33, 31, 0, 0, 0]"
madonna,"['M', 'AH', 'D', 'AA', 'N', 'AH']",['madonna'],['madonna'],0.0,5.37e-06,"[26, 3, 18, 1, 27, 3, 0, 0]"
deemed,"['D', 'IY', 'M', 'D']",['deemed'],['deemed'],0.0,1.55e-05,"[18, 11, 26, 18, 0, 0, 0, 0]"
gains,"['G', 'EY', 'N', 'Z']",['gains'],['gains'],0.0,1.78e-05,"[21, 9, 27, 38, 0, 0, 0, 0]"
strictly,"['S', 'T', 'R', 'IH', 'K', 'T', 'L', 'IY']",['strictly'],['strictly'],0.0,1.45e-05,"[31, 33, 30, 10, 24, 33, 25, 11]"
seeks,"['S', 'IY', 'K', 'S']",['seeks'],['seeks'],0.0,1.35e-05,"[31, 11, 24, 31, 0, 0, 0, 0]"
formerly,"['F', 'AO', 'R', 'M', 'ER', 'L', 'IY']",['formerly'],['formerly'],0.0,1.74e-05,"[20, 4, 30, 26, 8, 25, 11, 0]"
lynn,"['L', 'IH', 'N']",['lynn'],['lynn'],0.0,7.24e-06,"[25, 10, 27, 0, 0, 0, 0, 0]"
tale,"['T', 'EY', 'L']",['tale'],['tale'],0.0,1.95e-05,"[33, 9, 25, 0, 0, 0, 0, 0]"
colored,"['K', 'AH', 'L', 'ER', 'D']",['colored'],['colored'],0.0,1.55e-05,"[24, 3, 25, 8, 18, 0, 0, 0]"
hanging,"['HH', 'AE', 'NG', 'IH', 'NG']",['hanging'],['hanging'],0.0,3.16e-05,"[22, 2, 28, 10, 28, 0, 0, 0]"
brush,"['B', 'R', 'AH', 'SH']",['brush'],['brush'],0.0,1.7e-05,"[16, 30, 3, 32, 0, 0, 0, 0]"
honey,"['HH', 'AH', 'N', 'IY']",['honey'],['honey'],0.0,2.34e-05,"[22, 3, 27, 11, 0, 0, 0, 0]"
florence,"['F', 'L', 'AO', 'R', 'AH', 'N', 'S']",['florence'],['florence'],0.0,9.12e-06,"[20, 25, 4, 30, 3, 27, 31, 0]"
skirt,"['S', 'K', 'ER', 'T']",['skirt'],['skirt'],0.0,9.12e-06,"[31, 24, 8, 33, 0, 0, 0, 0]"
pal,"['P', 'AE', 'L']",['pal'],['pal'],0.0,9.77e-06,"[29, 2, 25, 0, 0, 0, 0, 0]"
tri,"['T', 'R', 'AY']",['tri'],['tri'],0.0,5.13e-06,"[33, 30, 6, 0, 0, 0, 0, 0]"
tongue,"['T', 'AH', 'NG']",['tongue'],['tongue'],0.0,2.34e-05,"[33, 3, 28, 0, 0, 0, 0, 0]"
deer,"['D', 'IH', 'R']",['deer'],['deer'],0.0,1.32e-05,"[18, 10, 30, 0, 0, 0, 0, 0]"
spare,"['S', 'P', 'EH', 'R']",['spare'],['spare'],0.0,1.91e-05,"[31, 29, 7, 30, 0, 0, 0, 0]"
thy,"['DH', 'AY']",['thy'],['thy'],0.0,1.29e-05,"[19, 6, 0, 0, 0, 0, 0, 0]"
candle,"['K', 'AE', 'N', 'D', 'AH', 'L']",['candle'],['candle'],0.0,7.59e-06,"[24, 2, 27, 18, 3, 25, 0, 0]"
tricks,"['T', 'R', 'IH', 'K', 'S']",['tricks'],['tricks'],0.0,1.41e-05,"[33, 30, 10, 24, 31, 0, 0, 0]"
harm,"['HH', 'AA', 'R', 'M']",['harm'],['harm'],0.0,2.95e-05,"[22, 1, 30, 26, 0, 0, 0, 0]"
bomb,"['B', 'AA', 'M']",['bomb'],['bomb'],0.0,3.98e-05,"[16, 1, 26, 0, 0, 0, 0, 0]"
justin,"['JH', 'AH', 'S', 'T', 'AH', 'N']",['justin'],['justin'],0.0,2.09e-05,"[23, 3, 31, 33, 3, 27, 0, 0]"
aimed,"['EY', 'M', 'D']",['aimed'],['aimed'],0.0,1.78e-05,"[9, 26, 18, 0, 0, 0, 0, 0]"
thinks,"['TH', 'IH', 'NG', 'K', 'S']",['thinks'],['thinks'],0.0,6.03e-05,"[34, 10, 28, 24, 31, 0, 0, 0]"
murphy,"['M', 'ER', 'F', 'IY']",['murphy'],['murphy'],0.0,1.35e-05,"[26, 8, 20, 11, 0, 0, 0, 0]"
arch,"['AA', 'R', 'CH']",['arch'],['arch'],0.0,1.05e-05,"[1, 30, 17, 0, 0, 0, 0, 0]"
rocky,"['R', 'AA', 'K', 'IY']",['rocky'],['rocky'],0.0,1.45e-05,"[30, 1, 24, 11, 0, 0, 0, 0]"
lung,"['L', 'AH', 'NG']",['lung'],['lung'],0.0,1.26e-05,"[25, 3, 28, 0, 0, 0, 0, 0]"
quit,"['K', 'W', 'IH', 'T']",['quit'],['quit'],0.0,3.47e-05,"[24, 36, 10, 33, 0, 0, 0, 0]"
singing,"['S', 'IH', 'NG', 'IH', 'NG']",['singing'],['singing'],0.0,3.89e-05,"[31, 10, 28, 10, 28, 0, 0, 0]"
totals,"['T', 'OW', 'T', 'AH', 'L', 'Z']",['totals'],['totals'],0.0,3.02e-06,"[33, 12, 33, 3, 25, 38, 0, 0]"
bunch,"['B', 'AH', 'N', 'CH']",['bunch'],['bunch'],0.0,3.72e-05,"[16, 3, 27, 17, 0, 0, 0, 0]"
fleet,"['F', 'L', 'IY', 'T']",['fleet'],['fleet'],0.0,2.14e-05,"[20, 25, 11, 33, 0, 0, 0, 0]"
gen,"['JH', 'EH', 'N', 'ER', 'AH', 'L']",['gen'],['gen'],0.0,2.14e-05,"[23, 7, 27, 8, 3, 25, 0, 0]"
pixels,"['P', 'IH', 'K', 'S', 'AH', 'L', 'Z']",['pixels'],['pixels'],0.0,3.09e-06,"[29, 10, 24, 31, 3, 25, 38, 0]"
trim,"['T', 'R', 'IH', 'M']",['trim'],['trim'],0.0,7.76e-06,"[33, 30, 10, 26, 0, 0, 0, 0]"
cents,"['S', 'EH', 'N', 'T', 'S']",['cents'],['cents'],0.0,2.29e-05,"[31, 7, 27, 33, 31, 0, 0, 0]"
discs,"['D', 'IH', 'S', 'K', 'S']",['discs'],['discs'],0.0,3.98e-06,"[18, 10, 31, 24, 31, 0, 0, 0]"
nylon,"['N', 'AY', 'L', 'AA', 'N']",['nylon'],['nylon'],0.0,2.63e-06,"[27, 6, 25, 1, 27, 0, 0, 0]"
jews,"['JH', 'UW', 'Z']",['jews'],['jews'],0.0,2.95e-05,"[23, 15, 38, 0, 0, 0, 0, 0]"
thru,"['TH', 'R', 'UW']",['thru'],['thru'],0.0,6.76e-06,"[34, 30, 15, 0, 0, 0, 0, 0]"
melissa,"['M', 'AH', 'L', 'IH', 'S', 'AH']",['melissa'],['melissa'],0.0,6.92e-06,"[26, 3, 25, 10, 31, 3, 0, 0]"
cod,"['K', 'AA', 'D']",['cod'],['cod'],0.0,7.76e-06,"[24, 1, 18, 0, 0, 0, 0, 0]"
browsing,"['B', 'R', 'AW', 'Z', 'IH', 'NG']","['brows', 'ing']","['brows', '##ing']",0.0,3.98e-06,"[16, 30, 5, 38, 10, 28, 0, 0]"
juan,"['W', 'AA', 'N']",['juan'],['juan'],0.0,1.32e-05,"[36, 1, 27, 0, 0, 0, 0, 0]"
watched,"['W', 'AA', 'CH', 'T']",['watched'],['watched'],0.0,5.25e-05,"[36, 1, 17, 33, 0, 0, 0, 0]"
mart,"['M', 'AA', 'R', 'T']",['mart'],['mart'],0.0,4.9e-06,"[26, 1, 30, 33, 0, 0, 0, 0]"
cole,"['K', 'OW', 'L']",['cole'],['cole'],0.0,1.51e-05,"[24, 12, 25, 0, 0, 0, 0, 0]"
breath,"['B', 'R', 'EH', 'TH']",['breath'],['breath'],0.0,3.31e-05,"[16, 30, 7, 34, 0, 0, 0, 0]"
bull,"['B', 'UH', 'L']",['bull'],['bull'],0.0,2.19e-05,"[16, 14, 25, 0, 0, 0, 0, 0]"
wishes,"['W', 'IH', 'SH', 'IH', 'Z']",['wishes'],['wishes'],0.0,2.24e-05,"[36, 10, 32, 10, 38, 0, 0, 0]"
wanna,"['W', 'AA', 'N', 'AH']",['wanna'],['wanna'],0.0,0.00011,"[36, 1, 27, 3, 0, 0, 0, 0]"
aaa,"['T', 'R', 'IH', 'P', 'AH', 'L', 'EY']",['aaa'],['aaa'],0.0,5.89e-06,"[33, 30, 10, 29, 3, 25, 9, 0]"
grain,"['G', 'R', 'EY', 'N']",['grain'],['grain'],0.0,1.51e-05,"[21, 30, 9, 27, 0, 0, 0, 0]"
grill,"['G', 'R', 'IH', 'L']",['grill'],['grill'],0.0,6.92e-06,"[21, 30, 10, 25, 0, 0, 0, 0]"
lamps,"['L', 'AE', 'M', 'P', 'S']",['lamps'],['lamps'],0.0,5.37e-06,"[25, 2, 26, 29, 31, 0, 0, 0]"
sees,"['S', 'IY', 'Z']",['sees'],['sees'],0.0,3.89e-05,"[31, 11, 38, 0, 0, 0, 0, 0]"
doug,"['D', 'AH', 'G']",['doug'],['doug'],0.0,1.05e-05,"[18, 3, 21, 0, 0, 0, 0, 0]"
civic,"['S', 'IH', 'V', 'IH', 'K']",['civic'],['civic'],0.0,1e-05,"[31, 10, 35, 10, 24, 0, 0, 0]"
stayed,"['S', 'T', 'EY', 'D']",['stayed'],['stayed'],0.0,3.39e-05,"[31, 33, 9, 18, 0, 0, 0, 0]"
omega,"['OW', 'M', 'EH', 'G', 'AH']",['omega'],['omega'],0.0,6.03e-06,"[12, 26, 7, 21, 3, 0, 0, 0]"
spoken,"['S', 'P', 'OW', 'K', 'AH', 'N']",['spoken'],['spoken'],0.0,2.82e-05,"[31, 29, 12, 24, 3, 27, 0, 0]"
todd,"['T', 'AA', 'D']",['todd'],['todd'],0.0,1.23e-05,"[33, 1, 18, 0, 0, 0, 0, 0]"
gel,"['JH', 'EH', 'L']",['gel'],['gel'],0.0,6.92e-06,"[23, 7, 25, 0, 0, 0, 0, 0]"
mice,"['M', 'AY', 'S']",['mice'],['mice'],0.0,1.23e-05,"[26, 6, 31, 0, 0, 0, 0, 0]"
mood,"['M', 'UW', 'D']",['mood'],['mood'],0.0,2.75e-05,"[26, 15, 18, 0, 0, 0, 0, 0]"
refers,"['R', 'AH', 'F', 'ER', 'Z']",['refers'],['refers'],0.0,1.78e-05,"[30, 3, 20, 8, 38, 0, 0, 0]"
wrap,"['R', 'AE', 'P']",['wrap'],['wrap'],0.0,1.58e-05,"[30, 2, 29, 0, 0, 0, 0, 0]"
odd,"['AA', 'D']",['odd'],['odd'],0.0,2.63e-05,"[1, 18, 0, 0, 0, 0, 0, 0]"
jeans,"['JH', 'IY', 'N', 'Z']",['jeans'],['jeans'],0.0,1.23e-05,"[23, 11, 27, 38, 0, 0, 0, 0]"
mills,"['M', 'IH', 'L', 'Z']",['mills'],['mills'],0.0,1.66e-05,"[26, 10, 25, 38, 0, 0, 0, 0]"
vast,"['V', 'AE', 'S', 'T']",['vast'],['vast'],0.0,3.09e-05,"[35, 2, 31, 33, 0, 0, 0, 0]"
clerk,"['K', 'L', 'ER', 'K']",['clerk'],['clerk'],0.0,1e-05,"[24, 25, 8, 24, 0, 0, 0, 0]"
ban,"['B', 'AE', 'N']",['ban'],['ban'],0.0,3.55e-05,"[16, 2, 27, 0, 0, 0, 0, 0]"
quiz,"['K', 'W', 'IH', 'Z']",['quiz'],['quiz'],0.0,6.61e-06,"[24, 36, 10, 38, 0, 0, 0, 0]"
thirty,"['TH', 'ER', 'D', 'IY']",['thirty'],['thirty'],0.0,2.4e-05,"[34, 8, 18, 11, 0, 0, 0, 0]"
reed,"['R', 'IY', 'D']",['reed'],['reed'],0.0,1.17e-05,"[30, 11, 18, 0, 0, 0, 0, 0]"
alice,"['AE', 'L', 'AH', 'S']",['alice'],['alice'],0.0,1.82e-05,"[2, 25, 3, 31, 0, 0, 0, 0]"
diving,"['D', 'AY', 'V', 'IH', 'NG']",['diving'],['diving'],0.0,1.05e-05,"[18, 6, 35, 10, 28, 0, 0, 0]"
fed,"['F', 'EH', 'D']",['fed'],['fed'],0.0,3.24e-05,"[20, 7, 18, 0, 0, 0, 0, 0]"
nike,"['N', 'AY', 'K', 'IY']",['nike'],['nike'],0.0,7.59e-06,"[27, 6, 24, 11, 0, 0, 0, 0]"
aging,"['EY', 'JH', 'IH', 'NG']",['aging'],['aging'],0.0,1.1e-05,"[9, 23, 10, 28, 0, 0, 0, 0]"
fails,"['F', 'EY', 'L', 'Z']",['fails'],['fails'],0.0,1.82e-05,"[20, 9, 25, 38, 0, 0, 0, 0]"
evans,"['EH', 'V', 'AH', 'N', 'Z']",['evans'],['evans'],0.0,1.66e-05,"[7, 35, 3, 27, 38, 0, 0, 0]"
amy,"['EY', 'M', 'IY']",['amy'],['amy'],0.0,1.58e-05,"[9, 26, 11, 0, 0, 0, 0, 0]"
mask,"['M', 'AE', 'S', 'K']",['mask'],['mask'],0.0,2.04e-05,"[26, 2, 31, 24, 0, 0, 0, 0]"
greatly,"['G', 'R', 'EY', 'T', 'L', 'IY']",['greatly'],['greatly'],0.0,2.14e-05,"[21, 30, 9, 33, 25, 11, 0, 0]"
thou,"['DH', 'AW']",['thou'],['thou'],0.0,1.45e-05,"[19, 5, 0, 0, 0, 0, 0, 0]"
switches,"['S', 'W', 'IH', 'CH', 'AH', 'Z']",['switches'],['switches'],0.0,6.92e-06,"[31, 36, 10, 17, 3, 38, 0, 0]"
packs,"['P', 'AE', 'K', 'S']",['packs'],['packs'],0.0,8.71e-06,"[29, 2, 24, 31, 0, 0, 0, 0]"
shut,"['SH', 'AH', 'T']",['shut'],['shut'],0.0,6.03e-05,"[32, 3, 33, 0, 0, 0, 0, 0]"
trace,"['T', 'R', 'EY', 'S']",['trace'],['trace'],0.0,1.55e-05,"[33, 30, 9, 31, 0, 0, 0, 0]"
aaron,"['EH', 'R', 'AH', 'N']",['aaron'],['aaron'],0.0,1.7e-05,"[7, 30, 3, 27, 0, 0, 0, 0]"
camps,"['K', 'AE', 'M', 'P', 'S']",['camps'],['camps'],0.0,1.55e-05,"[24, 2, 26, 29, 31, 0, 0, 0]"
bidder,"['B', 'IH', 'D', 'ER']","['bid', 'der']","['bid', '##der']",0.0,3.02e-06,"[16, 10, 18, 8, 0, 0, 0, 0]"
michelle,"['M', 'IH', 'SH', 'EH', 'L']",['michelle'],['michelle'],0.0,1.45e-05,"[26, 10, 32, 7, 25, 0, 0, 0]"
aside,"['AH', 'S', 'AY', 'D']",['aside'],['aside'],0.0,3.89e-05,"[3, 31, 6, 18, 0, 0, 0, 0]"
framed,"['F', 'R', 'EY', 'M', 'D']",['framed'],['framed'],0.0,7.94e-06,"[20, 30, 9, 26, 18, 0, 0, 0]"
tops,"['T', 'AA', 'P', 'S']",['tops'],['tops'],0.0,1.17e-05,"[33, 1, 29, 31, 0, 0, 0, 0]"
moreover,"['M', 'AO', 'R', 'OW', 'V', 'ER']",['moreover'],['moreover'],0.0,1.45e-05,"[26, 4, 30, 12, 35, 8, 0, 0]"
tracked,"['T', 'R', 'AE', 'K', 'T']",['tracked'],['tracked'],0.0,8.91e-06,"[33, 30, 2, 24, 33, 0, 0, 0]"
beam,"['B', 'IY', 'M']",['beam'],['beam'],0.0,1.38e-05,"[16, 11, 26, 0, 0, 0, 0, 0]"
sigma,"['S', 'IH', 'G', 'M', 'AH']",['sigma'],['sigma'],0.0,3.24e-06,"[31, 10, 21, 26, 3, 0, 0, 0]"
punk,"['P', 'AH', 'NG', 'K']",['punk'],['punk'],0.0,1.58e-05,"[29, 3, 28, 24, 0, 0, 0, 0]"
feels,"['F', 'IY', 'L', 'Z']",['feels'],['feels'],0.0,7.94e-05,"[20, 11, 25, 38, 0, 0, 0, 0]"
dawn,"['D', 'AO', 'N']",['dawn'],['dawn'],0.0,1.86e-05,"[18, 4, 27, 0, 0, 0, 0, 0]"
strings,"['S', 'T', 'R', 'IH', 'NG', 'Z']",['strings'],['strings'],0.0,1.1e-05,"[31, 33, 30, 10, 28, 38, 0, 0]"
hosts,"['HH', 'OW', 'S', 'T', 'S']",['hosts'],['hosts'],0.0,1.7e-05,"[22, 12, 31, 33, 31, 0, 0, 0]"
arc,"['AA', 'R', 'K']",['arc'],['arc'],0.0,1.62e-05,"[1, 30, 24, 0, 0, 0, 0, 0]"
wage,"['W', 'EY', 'JH']",['wage'],['wage'],0.0,2.75e-05,"[36, 9, 23, 0, 0, 0, 0, 0]"
pace,"['P', 'EY', 'S']",['pace'],['pace'],0.0,2.4e-05,"[29, 9, 31, 0, 0, 0, 0, 0]"
duke,"['D', 'UW', 'K']",['duke'],['duke'],0.0,2.82e-05,"[18, 15, 24, 0, 0, 0, 0, 0]"
dropped,"['D', 'R', 'AA', 'P', 'T']",['dropped'],['dropped'],0.0,5.37e-05,"[18, 30, 1, 29, 33, 0, 0, 0]"
carl,"['K', 'AA', 'R', 'L']",['carl'],['carl'],0.0,1.74e-05,"[24, 1, 30, 25, 0, 0, 0, 0]"
lenses,"['L', 'EH', 'N', 'Z', 'AH', 'Z']",['lenses'],['lenses'],0.0,5.89e-06,"[25, 7, 27, 38, 3, 38, 0, 0]"
montreal,"['M', 'AH', 'N', 'T', 'R', 'IY', 'AO', 'L']",['montreal'],['montreal'],0.0,1.17e-05,"[26, 3, 27, 33, 30, 11, 4, 25]"
hero,"['HH', 'IH', 'R', 'OW']",['hero'],['hero'],0.0,4.79e-05,"[22, 10, 30, 12, 0, 0, 0, 0]"
rio,"['R', 'IY', 'OW']",['rio'],['rio'],0.0,2.24e-05,"[30, 11, 12, 0, 0, 0, 0, 0]"
guns,"['G', 'AH', 'N', 'Z']",['guns'],['guns'],0.0,4.57e-05,"[21, 3, 27, 38, 0, 0, 0, 0]"
firewall,"['F', 'AY', 'R', 'W', 'AA', 'L']","['fire', 'wall']","['fire', '##wall']",0.0,1.74e-06,"[20, 6, 30, 36, 1, 25, 0, 0]"
genes,"['JH', 'IY', 'N', 'Z']",['genes'],['genes'],0.0,1.38e-05,"[23, 11, 27, 38, 0, 0, 0, 0]"
sought,"['S', 'AO', 'T']",['sought'],['sought'],0.0,3.09e-05,"[31, 4, 33, 0, 0, 0, 0, 0]"
picked,"['P', 'IH', 'K', 'T']",['picked'],['picked'],0.0,5.25e-05,"[29, 10, 24, 33, 0, 0, 0, 0]"
peru,"['P', 'ER', 'UW']",['peru'],['peru'],0.0,7.76e-06,"[29, 8, 15, 0, 0, 0, 0, 0]"
doll,"['D', 'AA', 'L']",['doll'],['doll'],0.0,1.15e-05,"[18, 1, 25, 0, 0, 0, 0, 0]"
ion,"['AY', 'AH', 'N']",['ion'],['ion'],0.0,1.41e-05,"[6, 3, 27, 0, 0, 0, 0, 0]"
roy,"['R', 'OY']",['roy'],['roy'],0.0,1.78e-05,"[30, 13, 0, 0, 0, 0, 0, 0]"
texts,"['T', 'EH', 'K', 'S', 'T', 'S']",['texts'],['texts'],0.0,2.19e-05,"[33, 7, 24, 31, 33, 31, 0, 0]"
lookup,"['L', 'UH', 'K', 'AH', 'P']","['look', 'up']","['look', '##up']",0.0,7.24e-07,"[25, 14, 24, 3, 29, 0, 0, 0]"
shoulder,"['SH', 'OW', 'L', 'D', 'ER']",['shoulder'],['shoulder'],0.0,3.16e-05,"[32, 12, 25, 18, 8, 0, 0, 0]"
bikini,"['B', 'IH', 'K', 'IY', 'N', 'IY']",['bikini'],['bikini'],0.0,5.01e-06,"[16, 10, 24, 11, 27, 11, 0, 0]"
killing,"['K', 'IH', 'L', 'IH', 'NG']",['killing'],['killing'],0.0,7.59e-05,"[24, 10, 25, 10, 28, 0, 0, 0]"
coal,"['K', 'OW', 'L']",['coal'],['coal'],0.0,3.09e-05,"[24, 12, 25, 0, 0, 0, 0, 0]"
brochure,"['B', 'R', 'OW', 'SH', 'UH', 'R']","['bro', 'chure']","['bro', '##chu', '##re']",0.0,2.34e-06,"[16, 30, 12, 32, 14, 30, 0, 0]"
corps,"['K', 'AO', 'R']",['corps'],['corps'],0.0,1.86e-05,"[24, 4, 30, 0, 0, 0, 0, 0]"
app,"['AE', 'P']",['app'],['app'],0.0,7.24e-05,"[2, 29, 0, 0, 0, 0, 0, 0]"
warner,"['W', 'AO', 'R', 'N', 'ER']",['warner'],['warner'],0.0,1.29e-05,"[36, 4, 30, 27, 8, 0, 0, 0]"
rica,"['R', 'IY', 'K', 'AH']",['rica'],['rica'],0.0,5.62e-06,"[30, 11, 24, 3, 0, 0, 0, 0]"
mrs,"['M', 'IH', 'S', 'IH', 'Z']",['mrs'],['mrs'],0.0,7.76e-05,"[26, 10, 31, 10, 38, 0, 0, 0]"
mitchell,"['M', 'IH', 'CH', 'AH', 'L']",['mitchell'],['mitchell'],0.0,1.74e-05,"[26, 10, 17, 3, 25, 0, 0, 0]"
coat,"['K', 'OW', 'T']",['coat'],['coat'],0.0,2.29e-05,"[24, 12, 33, 0, 0, 0, 0, 0]"
rivers,"['R', 'IH', 'V', 'ER', 'Z']",['rivers'],['rivers'],0.0,2e-05,"[30, 10, 35, 8, 38, 0, 0, 0]"
tired,"['T', 'AY', 'ER', 'D']",['tired'],['tired'],0.0,5.13e-05,"[33, 6, 8, 18, 0, 0, 0, 0]"
founder,"['F', 'AW', 'N', 'D', 'ER']",['founder'],['founder'],0.0,2.88e-05,"[20, 5, 27, 18, 8, 0, 0, 0]"
twelve,"['T', 'W', 'EH', 'L', 'V']",['twelve'],['twelve'],0.0,2.24e-05,"[33, 36, 7, 25, 35, 0, 0, 0]"
hub,"['HH', 'AH', 'B']",['hub'],['hub'],0.0,1.2e-05,"[22, 3, 16, 0, 0, 0, 0, 0]"
cited,"['S', 'AY', 'T', 'AH', 'D']",['cited'],['cited'],0.0,1.95e-05,"[31, 6, 33, 3, 18, 0, 0, 0]"
seeds,"['S', 'IY', 'D', 'Z']",['seeds'],['seeds'],0.0,1.91e-05,"[31, 11, 18, 38, 0, 0, 0, 0]"
thumbs,"['TH', 'AH', 'M', 'Z']",['thumbs'],['thumbs'],0.0,4.9e-06,"[34, 3, 26, 38, 0, 0, 0, 0]"
nodes,"['N', 'OW', 'D', 'Z']",['nodes'],['nodes'],0.0,6.03e-06,"[27, 12, 18, 38, 0, 0, 0, 0]"
tales,"['T', 'EY', 'L', 'Z']",['tales'],['tales'],0.0,1.26e-05,"[33, 9, 25, 38, 0, 0, 0, 0]"
eng,"['EH', 'NG']",['eng'],['eng'],0.0,4.57e-06,"[7, 28, 0, 0, 0, 0, 0, 0]"
deaths,"['D', 'EH', 'TH', 'S']",['deaths'],['deaths'],0.0,3.39e-05,"[18, 7, 34, 31, 0, 0, 0, 0]"
crop,"['K', 'R', 'AA', 'P']",['crop'],['crop'],0.0,1.41e-05,"[24, 30, 1, 29, 0, 0, 0, 0]"
fucked,"['F', 'AH', 'K', 'T']",['fucked'],['fucked'],0.0,3.89e-05,"[20, 3, 24, 33, 0, 0, 0, 0]"
freeware,"['F', 'R', 'IY', 'W', 'EY', 'R']","['free', 'ware']","['free', '##ware']",0.0,3.72e-07,"[20, 30, 11, 36, 9, 30, 0, 0]"
denied,"['D', 'IH', 'N', 'AY', 'D']",['denied'],['denied'],0.0,2.69e-05,"[18, 10, 27, 6, 18, 0, 0, 0]"
liked,"['L', 'AY', 'K', 'T']",['liked'],['liked'],0.0,5.75e-05,"[25, 6, 24, 33, 0, 0, 0, 0]"
shelf,"['SH', 'EH', 'L', 'F']",['shelf'],['shelf'],0.0,1.05e-05,"[32, 7, 25, 20, 0, 0, 0, 0]"
knife,"['N', 'AY', 'F']",['knife'],['knife'],0.0,2.57e-05,"[27, 6, 20, 0, 0, 0, 0, 0]"
val,"['V', 'AE', 'L']",['val'],['val'],0.0,5.13e-06,"[35, 2, 25, 0, 0, 0, 0, 0]"
stack,"['S', 'T', 'AE', 'K']",['stack'],['stack'],0.0,1.12e-05,"[31, 33, 2, 24, 0, 0, 0, 0]"
camel,"['K', 'AE', 'M', 'AH', 'L']",['camel'],['camel'],0.0,4.37e-06,"[24, 2, 26, 3, 25, 0, 0, 0]"
waves,"['W', 'EY', 'V', 'Z']",['waves'],['waves'],0.0,2.34e-05,"[36, 9, 35, 38, 0, 0, 0, 0]"
pierre,"['P', 'IY', 'EH', 'R']",['pierre'],['pierre'],0.0,8.91e-06,"[29, 11, 7, 30, 0, 0, 0, 0]"
damn,"['D', 'AE', 'M']",['damn'],['damn'],0.0,0.000123,"[18, 2, 26, 0, 0, 0, 0, 0]"
trunk,"['T', 'R', 'AH', 'NG', 'K']",['trunk'],['trunk'],0.0,1.07e-05,"[33, 30, 3, 28, 24, 0, 0, 0]"
curve,"['K', 'ER', 'V']",['curve'],['curve'],0.0,1.38e-05,"[24, 8, 35, 0, 0, 0, 0, 0]"
hang,"['HH', 'AE', 'NG']",['hang'],['hang'],0.0,3.98e-05,"[22, 2, 28, 0, 0, 0, 0, 0]"
housewares,"['HH', 'AW', 'S', 'W', 'EH', 'R', 'Z']","['house', 'wares']","['house', '##ware', '##s']",0.0,2.34e-07,"[22, 5, 31, 36, 7, 30, 38, 0]"
sue,"['S', 'UW']",['sue'],['sue'],0.0,1.66e-05,"[31, 15, 0, 0, 0, 0, 0, 0]"
valve,"['V', 'AE', 'L', 'V']",['valve'],['valve'],0.0,1.35e-05,"[35, 2, 25, 35, 0, 0, 0, 0]"
tons,"['T', 'AH', 'N', 'Z']",['tons'],['tons'],0.0,2.88e-05,"[33, 3, 27, 38, 0, 0, 0, 0]"
sing,"['S', 'IH', 'NG']",['sing'],['sing'],0.0,3.47e-05,"[31, 10, 28, 0, 0, 0, 0, 0]"
stood,"['S', 'T', 'UH', 'D']",['stood'],['stood'],0.0,3.72e-05,"[31, 33, 14, 18, 0, 0, 0, 0]"
acute,"['AH', 'K', 'Y', 'UW', 'T']",['acute'],['acute'],0.0,1e-05,"[3, 24, 37, 15, 33, 0, 0, 0]"
voices,"['V', 'OY', 'S', 'AH', 'Z']",['voices'],['voices'],0.0,2.24e-05,"[35, 13, 31, 3, 38, 0, 0, 0]"
ace,"['EY', 'S']",['ace'],['ace'],0.0,1.29e-05,"[9, 31, 0, 0, 0, 0, 0, 0]"
drinks,"['D', 'R', 'IH', 'NG', 'K', 'S']",['drinks'],['drinks'],0.0,2.69e-05,"[18, 30, 10, 28, 24, 31, 0, 0]"
steam,"['S', 'T', 'IY', 'M']",['steam'],['steam'],0.0,3.31e-05,"[31, 33, 11, 26, 0, 0, 0, 0]"
weird,"['W', 'IH', 'R', 'D']",['weird'],['weird'],0.0,6.46e-05,"[36, 10, 30, 18, 0, 0, 0, 0]"
stretch,"['S', 'T', 'R', 'EH', 'CH']",['stretch'],['stretch'],0.0,2.24e-05,"[31, 33, 30, 7, 17, 0, 0, 0]"
passes,"['P', 'AE', 'S', 'AH', 'Z']",['passes'],['passes'],0.0,2.82e-05,"[29, 2, 31, 3, 38, 0, 0, 0]"
merely,"['M', 'IH', 'R', 'L', 'IY']",['merely'],['merely'],0.0,2.34e-05,"[26, 10, 30, 25, 11, 0, 0, 0]"
meters,"['M', 'IY', 'T', 'ER', 'Z']",['meters'],['meters'],0.0,1.62e-05,"[26, 11, 33, 8, 38, 0, 0, 0]"
canyon,"['K', 'AE', 'N', 'Y', 'AH', 'N']",['canyon'],['canyon'],0.0,9.12e-06,"[24, 2, 27, 37, 3, 27, 0, 0]"
meals,"['M', 'IY', 'L', 'Z']",['meals'],['meals'],0.0,1.55e-05,"[26, 11, 25, 38, 0, 0, 0, 0]"
blade,"['B', 'L', 'EY', 'D']",['blade'],['blade'],0.0,1.55e-05,"[16, 25, 9, 18, 0, 0, 0, 0]"
holes,"['HH', 'OW', 'L', 'Z']",['holes'],['holes'],0.0,2.24e-05,"[22, 12, 25, 38, 0, 0, 0, 0]"
tee,"['T', 'IY']",['tee'],['tee'],0.0,6.61e-06,"[33, 11, 0, 0, 0, 0, 0, 0]"
durham,"['D', 'ER', 'AH', 'M']",['durham'],['durham'],0.0,6.03e-06,"[18, 8, 3, 26, 0, 0, 0, 0]"
rough,"['R', 'AH', 'F']",['rough'],['rough'],0.0,3.09e-05,"[30, 3, 20, 0, 0, 0, 0, 0]"
sampling,"['S', 'AE', 'M', 'P', 'L', 'IH', 'NG']",['sampling'],['sampling'],0.0,5.62e-06,"[31, 2, 26, 29, 25, 10, 28, 0]"
aka,"['AA', 'K', 'AH']",['aka'],['aka'],0.0,1.41e-05,"[1, 24, 3, 0, 0, 0, 0, 0]"
spoke,"['S', 'P', 'OW', 'K']",['spoke'],['spoke'],0.0,4.07e-05,"[31, 29, 12, 24, 0, 0, 0, 0]"
largely,"['L', 'AA', 'R', 'JH', 'L', 'IY']",['largely'],['largely'],0.0,4.07e-05,"[25, 1, 30, 23, 25, 11, 0, 0]"
zoo,"['Z', 'UW']",['zoo'],['zoo'],0.0,1.38e-05,"[38, 15, 0, 0, 0, 0, 0, 0]"
quantum,"['K', 'W', 'AA', 'N', 'T', 'AH', 'M']",['quantum'],['quantum'],0.0,1.17e-05,"[24, 36, 1, 27, 33, 3, 26, 0]"
cry,"['K', 'R', 'AY']",['cry'],['cry'],0.0,3.89e-05,"[24, 30, 6, 0, 0, 0, 0, 0]"
robin,"['R', 'AA', 'B', 'AH', 'N']",['robin'],['robin'],0.0,2.14e-05,"[30, 1, 16, 3, 27, 0, 0, 0]"
subscriber,"['S', 'AH', 'B', 'S', 'K', 'R', 'AY', 'B', 'ER']","['sub', 'scriber']","['sub', '##scribe', '##r']",0.0,3.31e-06,"[31, 3, 16, 31, 24, 30, 6, 16]"
cloud,"['K', 'L', 'AW', 'D']",['cloud'],['cloud'],0.0,2.88e-05,"[24, 25, 5, 18, 0, 0, 0, 0]"
cord,"['K', 'AO', 'R', 'D']",['cord'],['cord'],0.0,9.55e-06,"[24, 4, 30, 18, 0, 0, 0, 0]"
gloves,"['G', 'L', 'AH', 'V', 'Z']",['gloves'],['gloves'],0.0,1.1e-05,"[21, 25, 3, 35, 38, 0, 0, 0]"
hook,"['HH', 'UH', 'K']",['hook'],['hook'],0.0,2.34e-05,"[22, 14, 24, 0, 0, 0, 0, 0]"
olympic,"['OW', 'L', 'IH', 'M', 'P', 'IH', 'K']",['olympic'],['olympic'],0.0,3.09e-05,"[12, 25, 10, 26, 29, 10, 24, 0]"
surf,"['S', 'ER', 'F']",['surf'],['surf'],0.0,7.24e-06,"[31, 8, 20, 0, 0, 0, 0, 0]"
crowd,"['K', 'R', 'AW', 'D']",['crowd'],['crowd'],0.0,5.01e-05,"[24, 30, 5, 18, 0, 0, 0, 0]"
strap,"['S', 'T', 'R', 'AE', 'P']",['strap'],['strap'],0.0,6.17e-06,"[31, 33, 30, 2, 29, 0, 0, 0]"
bonds,"['B', 'AA', 'N', 'D', 'Z']",['bonds'],['bonds'],0.0,1.86e-05,"[16, 1, 27, 18, 38, 0, 0, 0]"
hats,"['HH', 'AE', 'T', 'S']",['hats'],['hats'],0.0,1.02e-05,"[22, 2, 33, 31, 0, 0, 0, 0]"
cad,"['K', 'AE', 'D']",['cad'],['cad'],0.0,2.57e-06,"[24, 2, 18, 0, 0, 0, 0, 0]"
stroke,"['S', 'T', 'R', 'OW', 'K']",['stroke'],['stroke'],0.0,1.86e-05,"[31, 33, 30, 12, 24, 0, 0, 0]"
beef,"['B', 'IY', 'F']",['beef'],['beef'],0.0,1.95e-05,"[16, 11, 20, 0, 0, 0, 0, 0]"
netscape,"['N', 'EH', 'T', 'S', 'K', 'EY', 'P']","['nets', 'cape']","['nets', '##cape']",0.0,4.37e-07,"[27, 7, 33, 31, 24, 9, 29, 0]"
sleeve,"['S', 'L', 'IY', 'V']",['sleeve'],['sleeve'],0.0,8.51e-06,"[31, 25, 11, 35, 0, 0, 0, 0]"
neil,"['N', 'IY', 'L']",['neil'],['neil'],0.0,1.45e-05,"[27, 11, 25, 0, 0, 0, 0, 0]"
muslim,"['M', 'AH', 'Z', 'L', 'AH', 'M']",['muslim'],['muslim'],0.0,4.68e-05,"[26, 3, 38, 25, 3, 26, 0, 0]"
launch,"['L', 'AO', 'N', 'CH']",['launch'],['launch'],0.0,4.9e-05,"[25, 4, 27, 17, 0, 0, 0, 0]"
buddy,"['B', 'AH', 'D', 'IY']",['buddy'],['buddy'],0.0,2.51e-05,"[16, 3, 18, 11, 0, 0, 0, 0]"
crafts,"['K', 'R', 'AE', 'F', 'T', 'S']",['crafts'],['crafts'],0.0,5.37e-06,"[24, 30, 2, 20, 33, 31, 0, 0]"
trail,"['T', 'R', 'EY', 'L']",['trail'],['trail'],0.0,2.82e-05,"[33, 30, 9, 25, 0, 0, 0, 0]"
mesh,"['M', 'EH', 'SH']",['mesh'],['mesh'],0.0,5.62e-06,"[26, 7, 32, 0, 0, 0, 0, 0]"
acts,"['AE', 'K', 'T', 'S']",['acts'],['acts'],0.0,4.37e-05,"[2, 24, 33, 31, 0, 0, 0, 0]"
holy,"['HH', 'OW', 'L', 'IY']",['holy'],['holy'],0.0,7.59e-05,"[22, 12, 25, 11, 0, 0, 0, 0]"
printable,"['P', 'R', 'IH', 'N', 'T', 'AH', 'B', 'AH', 'L']","['print', 'able']","['print', '##able']",0.0,8.32e-07,"[29, 30, 10, 27, 33, 3, 16, 3]"
costa,"['K', 'AO', 'S', 'T', 'AH']",['costa'],['costa'],0.0,1.41e-05,"[24, 4, 31, 33, 3, 0, 0, 0]"
wave,"['W', 'EY', 'V']",['wave'],['wave'],0.0,4.17e-05,"[36, 9, 35, 0, 0, 0, 0, 0]"
dean,"['D', 'IY', 'N']",['dean'],['dean'],0.0,2.51e-05,"[18, 11, 27, 0, 0, 0, 0, 0]"
keys,"['K', 'IY', 'Z']",['keys'],['keys'],0.0,2.45e-05,"[24, 11, 38, 0, 0, 0, 0, 0]"
arm,"['AA', 'R', 'M']",['arm'],['arm'],0.0,5.37e-05,"[1, 30, 26, 0, 0, 0, 0, 0]"
entered,"['EH', 'N', 'T', 'ER', 'D']",['entered'],['entered'],0.0,5.25e-05,"[7, 27, 33, 8, 18, 0, 0, 0]"
exit,"['EH', 'G', 'Z', 'IH', 'T']",['exit'],['exit'],0.0,2.24e-05,"[7, 21, 38, 10, 33, 0, 0, 0]"
plain,"['P', 'L', 'EY', 'N']",['plain'],['plain'],0.0,2.69e-05,"[29, 25, 9, 27, 0, 0, 0, 0]"
sizes,"['S', 'AY', 'Z', 'AH', 'Z']",['sizes'],['sizes'],0.0,1.51e-05,"[31, 6, 38, 3, 38, 0, 0, 0]"
fox,"['F', 'AA', 'K', 'S']",['fox'],['fox'],0.0,4.57e-05,"[20, 1, 24, 31, 0, 0, 0, 0]"
matt,"['M', 'AE', 'T']",['matt'],['matt'],0.0,3.55e-05,"[26, 2, 33, 0, 0, 0, 0, 0]"
ram,"['R', 'AE', 'M']",['ram'],['ram'],0.0,1.55e-05,"[30, 2, 26, 0, 0, 0, 0, 0]"
ericsson,"['EH', 'R', 'IH', 'K', 'S', 'AH', 'N']","['eric', 'sson']","['eric', '##sson']",0.0,1.05e-06,"[7, 30, 10, 24, 31, 3, 27, 0]"
opened,"['OW', 'P', 'AH', 'N', 'D']",['opened'],['opened'],0.0,7.08e-05,"[12, 29, 3, 27, 18, 0, 0, 0]"
learned,"['L', 'ER', 'N', 'D']",['learned'],['learned'],0.0,7.08e-05,"[25, 8, 27, 18, 0, 0, 0, 0]"
causes,"['K', 'AA', 'Z', 'AH', 'Z']",['causes'],['causes'],0.0,4.27e-05,"[24, 1, 38, 3, 38, 0, 0, 0]"
starts,"['S', 'T', 'AA', 'R', 'T', 'S']",['starts'],['starts'],0.0,6.76e-05,"[31, 33, 1, 30, 33, 31, 0, 0]"
killed,"['K', 'IH', 'L', 'D']",['killed'],['killed'],0.0,0.000166,"[24, 10, 25, 18, 0, 0, 0, 0]"
cables,"['K', 'EY', 'B', 'AH', 'L', 'Z']",['cables'],['cables'],0.0,7.41e-06,"[24, 9, 16, 3, 25, 38, 0, 0]"
scope,"['S', 'K', 'OW', 'P']",['scope'],['scope'],0.0,1.82e-05,"[31, 24, 12, 29, 0, 0, 0, 0]"
pub,"['P', 'AH', 'B']",['pub'],['pub'],0.0,1.7e-05,"[29, 3, 16, 0, 0, 0, 0, 0]"
blues,"['B', 'L', 'UW', 'Z']",['blues'],['blues'],0.0,2.19e-05,"[16, 25, 15, 38, 0, 0, 0, 0]"
wet,"['W', 'EH', 'T']",['wet'],['wet'],0.0,3.47e-05,"[36, 7, 33, 0, 0, 0, 0, 0]"
bond,"['B', 'AA', 'N', 'D']",['bond'],['bond'],0.0,3.89e-05,"[16, 1, 27, 18, 0, 0, 0, 0]"
filled,"['F', 'IH', 'L', 'D']",['filled'],['filled'],0.0,5.01e-05,"[20, 10, 25, 18, 0, 0, 0, 0]"
unix,"['Y', 'UW', 'N', 'IH', 'K', 'S']",['unix'],['unix'],0.0,2.04e-06,"[37, 15, 27, 10, 24, 31, 0, 0]"
styles,"['S', 'T', 'AY', 'L', 'Z']",['styles'],['styles'],0.0,2.4e-05,"[31, 33, 6, 25, 38, 0, 0, 0]"
celebrity,"['S', 'AH', 'L', 'EH', 'B', 'R', 'IH', 'T', 'IY']",['celebrity'],['celebrity'],0.0,1.95e-05,"[31, 3, 25, 7, 16, 30, 10, 33]"
glossary,"['G', 'L', 'AO', 'S', 'ER', 'IY']","['gloss', 'ary']","['gloss', '##ary']",0.0,1.55e-06,"[21, 25, 4, 31, 8, 11, 0, 0]"
poll,"['P', 'OW', 'L']",['poll'],['poll'],0.0,2.24e-05,"[29, 12, 25, 0, 0, 0, 0, 0]"
setup,"['S', 'EH', 'T', 'AH', 'P']",['setup'],['setup'],0.0,1.23e-05,"[31, 7, 33, 3, 29, 0, 0, 0]"
knows,"['N', 'OW', 'Z']",['knows'],['knows'],0.0,0.000117,"[27, 12, 38, 0, 0, 0, 0, 0]"
raised,"['R', 'EY', 'Z', 'D']",['raised'],['raised'],0.0,6.92e-05,"[30, 9, 38, 18, 0, 0, 0, 0]"
cook,"['K', 'UH', 'K']",['cook'],['cook'],0.0,4.47e-05,"[24, 14, 24, 0, 0, 0, 0, 0]"
plug,"['P', 'L', 'AH', 'G']",['plug'],['plug'],0.0,1.38e-05,"[29, 25, 3, 21, 0, 0, 0, 0]"
ages,"['EY', 'JH', 'AH', 'Z']",['ages'],['ages'],0.0,3.39e-05,"[9, 23, 3, 38, 0, 0, 0, 0]"
jordan,"['JH', 'AO', 'R', 'D', 'AH', 'N']",['jordan'],['jordan'],0.0,3.24e-05,"[23, 4, 30, 18, 3, 27, 0, 0]"
coach,"['K', 'OW', 'CH']",['coach'],['coach'],0.0,9.12e-05,"[24, 12, 17, 0, 0, 0, 0, 0]"
spread,"['S', 'P', 'R', 'EH', 'D']",['spread'],['spread'],0.0,6.46e-05,"[31, 29, 30, 7, 18, 0, 0, 0]"
trouble,"['T', 'R', 'AH', 'B', 'AH', 'L']",['trouble'],['trouble'],0.0,6.17e-05,"[33, 30, 3, 16, 3, 25, 0, 0]"
backup,"['B', 'AE', 'K', 'AH', 'P']",['backup'],['backup'],0.0,1.62e-05,"[16, 2, 24, 3, 29, 0, 0, 0]"
hat,"['HH', 'AE', 'T']",['hat'],['hat'],0.0,3.39e-05,"[22, 2, 33, 0, 0, 0, 0, 0]"
sweden,"['S', 'W', 'IY', 'D', 'AH', 'N']",['sweden'],['sweden'],0.0,2.51e-05,"[31, 36, 11, 18, 3, 27, 0, 0]"
kill,"['K', 'IH', 'L']",['kill'],['kill'],0.0,0.000123,"[24, 10, 25, 0, 0, 0, 0, 0]"
lane,"['L', 'EY', 'N']",['lane'],['lane'],0.0,3.72e-05,"[25, 9, 27, 0, 0, 0, 0, 0]"
ben,"['B', 'EH', 'N']",['ben'],['ben'],0.0,4.9e-05,"[16, 7, 27, 0, 0, 0, 0, 0]"
sharp,"['SH', 'AA', 'R', 'P']",['sharp'],['sharp'],0.0,3.02e-05,"[32, 1, 30, 29, 0, 0, 0, 0]"
jeff,"['JH', 'EH', 'F']",['jeff'],['jeff'],0.0,2.82e-05,"[23, 7, 20, 0, 0, 0, 0, 0]"
happened,"['HH', 'AE', 'P', 'AH', 'N', 'D']",['happened'],['happened'],0.0,0.000158,"[22, 2, 29, 3, 27, 18, 0, 0]"
gnu,"['N', 'UW']",['gnu'],['gnu'],0.0,1.1e-06,"[27, 15, 0, 0, 0, 0, 0, 0]"
tony,"['T', 'OW', 'N', 'IY']",['tony'],['tony'],0.0,4.37e-05,"[33, 12, 27, 11, 0, 0, 0, 0]"
grants,"['G', 'R', 'AE', 'N', 'T', 'S']",['grants'],['grants'],0.0,1.41e-05,"[21, 30, 2, 27, 33, 31, 0, 0]"
soil,"['S', 'OY', 'L']",['soil'],['soil'],0.0,2.63e-05,"[31, 13, 25, 0, 0, 0, 0, 0]"
circle,"['S', 'ER', 'K', 'AH', 'L']",['circle'],['circle'],0.0,3.55e-05,"[31, 8, 24, 3, 25, 0, 0, 0]"
prince,"['P', 'R', 'IH', 'N', 'S']",['prince'],['prince'],0.0,5.25e-05,"[29, 30, 10, 27, 31, 0, 0, 0]"
cam,"['K', 'AE', 'M']",['cam'],['cam'],0.0,1.26e-05,"[24, 2, 26, 0, 0, 0, 0, 0]"
tracks,"['T', 'R', 'AE', 'K', 'S']",['tracks'],['tracks'],0.0,2.82e-05,"[33, 30, 2, 24, 31, 0, 0, 0]"
agenda,"['AH', 'JH', 'EH', 'N', 'D', 'AH']",['agenda'],['agenda'],0.0,2e-05,"[3, 23, 7, 27, 18, 3, 0, 0]"
kits,"['K', 'IH', 'T', 'S']",['kits'],['kits'],0.0,6.03e-06,"[24, 10, 33, 31, 0, 0, 0, 0]"
nevada,"['N', 'AH', 'V', 'AA', 'D', 'AH']",['nevada'],['nevada'],0.0,1.1e-05,"[27, 3, 35, 1, 18, 3, 0, 0]"
crazy,"['K', 'R', 'EY', 'Z', 'IY']",['crazy'],['crazy'],0.0,0.000117,"[24, 30, 9, 38, 11, 0, 0, 0]"
guests,"['G', 'EH', 'S', 'T', 'S']",['guests'],['guests'],0.0,2.63e-05,"[21, 7, 31, 33, 31, 0, 0, 0]"
seek,"['S', 'IY', 'K']",['seek'],['seek'],0.0,4.07e-05,"[31, 11, 24, 0, 0, 0, 0, 0]"
lose,"['L', 'UW', 'Z']",['lose'],['lose'],0.0,0.00012,"[25, 15, 38, 0, 0, 0, 0, 0]"
der,"['D', 'ER']",['der'],['der'],0.0,1.45e-05,"[18, 8, 0, 0, 0, 0, 0, 0]"
blonde,"['B', 'L', 'AA', 'N', 'D']",['blonde'],['blonde'],0.0,1.1e-05,"[16, 25, 1, 27, 18, 0, 0, 0]"
plate,"['P', 'L', 'EY', 'T']",['plate'],['plate'],0.0,3.55e-05,"[29, 25, 9, 33, 0, 0, 0, 0]"
totally,"['T', 'OW', 'T', 'AH', 'L', 'IY']",['totally'],['totally'],0.0,6.76e-05,"[33, 12, 33, 3, 25, 11, 0, 0]"
bike,"['B', 'AY', 'K']",['bike'],['bike'],0.0,3.39e-05,"[16, 6, 24, 0, 0, 0, 0, 0]"
kid,"['K', 'IH', 'D']",['kid'],['kid'],0.0,9.77e-05,"[24, 10, 18, 0, 0, 0, 0, 0]"
plays,"['P', 'L', 'EY', 'Z']",['plays'],['plays'],0.0,6.92e-05,"[29, 25, 9, 38, 0, 0, 0, 0]"
dish,"['D', 'IH', 'SH']",['dish'],['dish'],0.0,1.62e-05,"[18, 10, 32, 0, 0, 0, 0, 0]"
idaho,"['AY', 'D', 'AH', 'HH', 'OW']",['idaho'],['idaho'],0.0,8.13e-06,"[6, 18, 3, 22, 12, 0, 0, 0]"
pan,"['P', 'AE', 'N']",['pan'],['pan'],0.0,2.45e-05,"[29, 2, 27, 0, 0, 0, 0, 0]"
czech,"['CH', 'EH', 'K']",['czech'],['czech'],0.0,8.91e-06,"[17, 7, 24, 0, 0, 0, 0, 0]"
delay,"['D', 'IH', 'L', 'EY']",['delay'],['delay'],0.0,2.51e-05,"[18, 10, 25, 9, 0, 0, 0, 0]"
paint,"['P', 'EY', 'N', 'T']",['paint'],['paint'],0.0,3.31e-05,"[29, 9, 27, 33, 0, 0, 0, 0]"
weapons,"['W', 'EH', 'P', 'AH', 'N', 'Z']",['weapons'],['weapons'],0.0,5.62e-05,"[36, 7, 29, 3, 27, 38, 0, 0]"
manchester,"['M', 'AE', 'N', 'CH', 'EH', 'S', 'T', 'ER']",['manchester'],['manchester'],0.0,3.39e-05,"[26, 2, 27, 17, 7, 31, 33, 8]"
adam,"['AE', 'D', 'AH', 'M']",['adam'],['adam'],0.0,3.72e-05,"[2, 18, 3, 26, 0, 0, 0, 0]"
navy,"['N', 'EY', 'V', 'IY']",['navy'],['navy'],0.0,3.72e-05,"[27, 9, 35, 11, 0, 0, 0, 0]"
dolls,"['D', 'AA', 'L', 'Z']",['dolls'],['dolls'],0.0,6.46e-06,"[18, 1, 25, 38, 0, 0, 0, 0]"
tank,"['T', 'AE', 'NG', 'K']",['tank'],['tank'],0.0,3.72e-05,"[33, 2, 28, 24, 0, 0, 0, 0]"
ref,"['R', 'EH', 'F']",['ref'],['ref'],0.0,8.91e-06,"[30, 7, 20, 0, 0, 0, 0, 0]"
presents,"['P', 'R', 'EH', 'Z', 'AH', 'N', 'T', 'S']",['presents'],['presents'],0.0,2.57e-05,"[29, 30, 7, 38, 3, 27, 33, 31]"
bowl,"['B', 'OW', 'L']",['bowl'],['bowl'],0.0,4.27e-05,"[16, 12, 25, 0, 0, 0, 0, 0]"
threads,"['TH', 'R', 'EH', 'D', 'Z']",['threads'],['threads'],0.0,7.08e-06,"[34, 30, 7, 18, 38, 0, 0, 0]"
showed,"['SH', 'OW', 'D']",['showed'],['showed'],0.0,7.24e-05,"[32, 12, 18, 0, 0, 0, 0, 0]"
mile,"['M', 'AY', 'L']",['mile'],['mile'],0.0,3.89e-05,"[26, 6, 25, 0, 0, 0, 0, 0]"
taiwan,"['T', 'AY', 'W', 'AA', 'N']",['taiwan'],['taiwan'],0.0,1.1e-05,"[33, 6, 36, 1, 27, 0, 0, 0]"
nights,"['N', 'AY', 'T', 'S']",['nights'],['nights'],0.0,2.95e-05,"[27, 6, 33, 31, 0, 0, 0, 0]"
hate,"['HH', 'EY', 'T']",['hate'],['hate'],0.0,0.000129,"[22, 9, 33, 0, 0, 0, 0, 0]"
clark,"['K', 'L', 'AA', 'R', 'K']",['clark'],['clark'],0.0,2.4e-05,"[24, 25, 1, 30, 24, 0, 0, 0]"
sarah,"['S', 'EH', 'R', 'AH']",['sarah'],['sarah'],0.0,3.02e-05,"[31, 7, 30, 3, 0, 0, 0, 0]"
swiss,"['S', 'W', 'IH', 'S']",['swiss'],['swiss'],0.0,1.62e-05,"[31, 36, 10, 31, 0, 0, 0, 0]"
greece,"['G', 'R', 'IY', 'S']",['greece'],['greece'],0.0,1.91e-05,"[21, 30, 11, 31, 0, 0, 0, 0]"
demo,"['D', 'EH', 'M', 'OW']",['demo'],['demo'],0.0,1.15e-05,"[18, 7, 26, 12, 0, 0, 0, 0]"
chosen,"['CH', 'OW', 'Z', 'AH', 'N']",['chosen'],['chosen'],0.0,4.07e-05,"[17, 12, 38, 3, 27, 0, 0, 0]"
und,"['AH', 'N', 'D']",['und'],['und'],0.0,8.71e-06,"[3, 27, 18, 0, 0, 0, 0, 0]"
storm,"['S', 'T', 'AO', 'R', 'M']",['storm'],['storm'],0.0,4.57e-05,"[31, 33, 4, 30, 26, 0, 0, 0]"
broad,"['B', 'R', 'AO', 'D']",['broad'],['broad'],0.0,3.39e-05,"[16, 30, 4, 18, 0, 0, 0, 0]"
charged,"['CH', 'AA', 'R', 'JH', 'D']",['charged'],['charged'],0.0,4.17e-05,"[17, 1, 30, 23, 18, 0, 0, 0]"
gray,"['G', 'R', 'EY']",['gray'],['gray'],0.0,2.82e-05,"[21, 30, 9, 0, 0, 0, 0, 0]"
stocks,"['S', 'T', 'AA', 'K', 'S']",['stocks'],['stocks'],0.0,1.91e-05,"[31, 33, 1, 24, 31, 0, 0, 0]"
lodge,"['L', 'AA', 'JH']",['lodge'],['lodge'],0.0,1.2e-05,"[25, 1, 23, 0, 0, 0, 0, 0]"
planned,"['P', 'L', 'AE', 'N', 'D']",['planned'],['planned'],0.0,4.9e-05,"[29, 25, 2, 27, 18, 0, 0, 0]"
slot,"['S', 'L', 'AA', 'T']",['slot'],['slot'],0.0,1.23e-05,"[31, 25, 1, 33, 0, 0, 0, 0]"
truly,"['T', 'R', 'UW', 'L', 'IY']",['truly'],['truly'],0.0,7.41e-05,"[33, 30, 15, 25, 11, 0, 0, 0]"
gun,"['G', 'AH', 'N']",['gun'],['gun'],0.0,9.12e-05,"[21, 3, 27, 0, 0, 0, 0, 0]"
lewis,"['L', 'UW', 'IH', 'S']",['lewis'],['lewis'],0.0,3.02e-05,"[25, 15, 10, 31, 0, 0, 0, 0]"
neither,"['N', 'IY', 'DH', 'ER']",['neither'],['neither'],0.0,5.89e-05,"[27, 11, 19, 8, 0, 0, 0, 0]"
warm,"['W', 'AO', 'R', 'M']",['warm'],['warm'],0.0,5.13e-05,"[36, 4, 30, 26, 0, 0, 0, 0]"
draw,"['D', 'R', 'AO']",['draw'],['draw'],0.0,6.46e-05,"[18, 30, 4, 0, 0, 0, 0, 0]"
treated,"['T', 'R', 'IY', 'T', 'AH', 'D']",['treated'],['treated'],0.0,5.13e-05,"[33, 30, 11, 33, 3, 18, 0, 0]"
lens,"['L', 'EH', 'N', 'Z']",['lens'],['lens'],0.0,1.48e-05,"[25, 7, 27, 38, 0, 0, 0, 0]"
fruit,"['F', 'R', 'UW', 'T']",['fruit'],['fruit'],0.0,3.72e-05,"[20, 30, 15, 33, 0, 0, 0, 0]"
hell,"['HH', 'EH', 'L']",['hell'],['hell'],0.0,0.000126,"[22, 7, 25, 0, 0, 0, 0, 0]"
pure,"['P', 'Y', 'UH', 'R']",['pure'],['pure'],0.0,4.37e-05,"[29, 37, 14, 30, 0, 0, 0, 0]"
howard,"['HH', 'AW', 'ER', 'D']",['howard'],['howard'],0.0,3.02e-05,"[22, 5, 8, 18, 0, 0, 0, 0]"
linked,"['L', 'IH', 'NG', 'K', 'T']",['linked'],['linked'],0.0,3.47e-05,"[25, 10, 28, 24, 33, 0, 0, 0]"
meter,"['M', 'IY', 'T', 'ER']",['meter'],['meter'],0.0,1.23e-05,"[26, 11, 33, 8, 0, 0, 0, 0]"
mouth,"['M', 'AW', 'TH']",['mouth'],['mouth'],0.0,6.76e-05,"[26, 5, 34, 0, 0, 0, 0, 0]"
visa,"['V', 'IY', 'Z', 'AH']",['visa'],['visa'],0.0,1.35e-05,"[35, 11, 38, 3, 0, 0, 0, 0]"
hop,"['HH', 'AA', 'P']",['hop'],['hop'],0.0,2.51e-05,"[22, 1, 29, 0, 0, 0, 0, 0]"
jean,"['JH', 'IY', 'N']",['jean'],['jean'],0.0,2.29e-05,"[23, 11, 27, 0, 0, 0, 0, 0]"
bears,"['B', 'EH', 'R', 'Z']",['bears'],['bears'],0.0,2.19e-05,"[16, 7, 30, 38, 0, 0, 0, 0]"
scores,"['S', 'K', 'AO', 'R', 'Z']",['scores'],['scores'],0.0,2.69e-05,"[31, 24, 4, 30, 38, 0, 0, 0]"
stick,"['S', 'T', 'IH', 'K']",['stick'],['stick'],0.0,5.75e-05,"[31, 33, 10, 24, 0, 0, 0, 0]"
hockey,"['HH', 'AA', 'K', 'IY']",['hockey'],['hockey'],0.0,2.63e-05,"[22, 1, 24, 11, 0, 0, 0, 0]"
lock,"['L', 'AA', 'K']",['lock'],['lock'],0.0,3.24e-05,"[25, 1, 24, 0, 0, 0, 0, 0]"
node,"['N', 'OW', 'D']",['node'],['node'],0.0,7.59e-06,"[27, 12, 18, 0, 0, 0, 0, 0]"
bound,"['B', 'AW', 'N', 'D']",['bound'],['bound'],0.0,2.88e-05,"[16, 5, 27, 18, 0, 0, 0, 0]"
rear,"['R', 'IH', 'R']",['rear'],['rear'],0.0,2.69e-05,"[30, 10, 30, 0, 0, 0, 0, 0]"
tested,"['T', 'EH', 'S', 'T', 'AH', 'D']",['tested'],['tested'],0.0,3.02e-05,"[33, 7, 31, 33, 3, 18, 0, 0]"
montana,"['M', 'AA', 'N', 'T', 'AE', 'N', 'AH']",['montana'],['montana'],0.0,1.12e-05,"[26, 1, 27, 33, 2, 27, 3, 0]"
slide,"['S', 'L', 'AY', 'D']",['slide'],['slide'],0.0,2e-05,"[31, 25, 6, 18, 0, 0, 0, 0]"
genre,"['ZH', 'AA', 'N', 'R', 'AH']",['genre'],['genre'],0.0,1.48e-05,"[39, 1, 27, 30, 3, 0, 0, 0]"
raw,"['R', 'AA']",['raw'],['raw'],0.0,3.39e-05,"[30, 1, 0, 0, 0, 0, 0, 0]"
sam,"['S', 'AE', 'M']",['sam'],['sam'],0.0,4.37e-05,"[31, 2, 26, 0, 0, 0, 0, 0]"
legs,"['L', 'EH', 'G', 'Z']",['legs'],['legs'],0.0,4.68e-05,"[25, 7, 21, 38, 0, 0, 0, 0]"
crew,"['K', 'R', 'UW']",['crew'],['crew'],0.0,5.01e-05,"[24, 30, 15, 0, 0, 0, 0, 0]"
reached,"['R', 'IY', 'CH', 'T']",['reached'],['reached'],0.0,7.08e-05,"[30, 11, 17, 33, 0, 0, 0, 0]"
checks,"['CH', 'EH', 'K', 'S']",['checks'],['checks'],0.0,2.04e-05,"[17, 7, 24, 31, 0, 0, 0, 0]"
babe,"['B', 'EY', 'B']",['babe'],['babe'],0.0,1.29e-05,"[16, 9, 16, 0, 0, 0, 0, 0]"
suck,"['S', 'AH', 'K']",['suck'],['suck'],0.0,2.63e-05,"[31, 3, 24, 0, 0, 0, 0, 0]"
leaves,"['L', 'IY', 'V', 'Z']",['leaves'],['leaves'],0.0,6.17e-05,"[25, 11, 35, 38, 0, 0, 0, 0]"
math,"['M', 'AE', 'TH']",['math'],['math'],0.0,2.82e-05,"[26, 2, 34, 0, 0, 0, 0, 0]"
delta,"['D', 'EH', 'L', 'T', 'AH']",['delta'],['delta'],0.0,1.32e-05,"[18, 7, 25, 33, 3, 0, 0, 0]"
strength,"['S', 'T', 'R', 'EH', 'NG', 'K', 'TH']",['strength'],['strength'],0.0,6.31e-05,"[31, 33, 30, 7, 28, 24, 34, 0]"
fly,"['F', 'L', 'AY']",['fly'],['fly'],0.0,5.62e-05,"[20, 25, 6, 0, 0, 0, 0, 0]"
scheme,"['S', 'K', 'IY', 'M']",['scheme'],['scheme'],0.0,3.72e-05,"[31, 24, 11, 26, 0, 0, 0, 0]"
moon,"['M', 'UW', 'N']",['moon'],['moon'],0.0,5.01e-05,"[26, 15, 27, 0, 0, 0, 0, 0]"
ahead,"['AH', 'HH', 'EH', 'D']",['ahead'],['ahead'],0.0,0.000102,"[3, 22, 7, 18, 0, 0, 0, 0]"
dogs,"['D', 'AA', 'G', 'Z']",['dogs'],['dogs'],0.0,5.89e-05,"[18, 1, 21, 38, 0, 0, 0, 0]"
dan,"['D', 'AE', 'N']",['dan'],['dan'],0.0,3.24e-05,"[18, 2, 27, 0, 0, 0, 0, 0]"
christ,"['K', 'R', 'AY', 'S', 'T']",['christ'],['christ'],0.0,6.17e-05,"[24, 30, 6, 31, 33, 0, 0, 0]"
fear,"['F', 'IH', 'R']",['fear'],['fear'],0.0,8.91e-05,"[20, 10, 30, 0, 0, 0, 0, 0]"
ski,"['S', 'K', 'IY']",['ski'],['ski'],0.0,1.35e-05,"[31, 24, 11, 0, 0, 0, 0, 0]"
whom,"['HH', 'UW', 'M']",['whom'],['whom'],0.0,7.08e-05,"[22, 15, 26, 0, 0, 0, 0, 0]"
agreed,"['AH', 'G', 'R', 'IY', 'D']",['agreed'],['agreed'],0.0,6.92e-05,"[3, 21, 30, 11, 18, 0, 0, 0]"
guess,"['G', 'EH', 'S']",['guess'],['guess'],0.0,0.000148,"[21, 7, 31, 0, 0, 0, 0, 0]"
henry,"['HH', 'EH', 'N', 'R', 'IY']",['henry'],['henry'],0.0,5.5e-05,"[22, 7, 27, 30, 11, 0, 0, 0]"
ladies,"['L', 'EY', 'D', 'IY', 'Z']",['ladies'],['ladies'],0.0,4.37e-05,"[25, 9, 18, 11, 38, 0, 0, 0]"
mine,"['M', 'AY', 'N']",['mine'],['mine'],0.0,0.00011,"[26, 6, 27, 0, 0, 0, 0, 0]"
tip,"['T', 'IH', 'P']",['tip'],['tip'],0.0,3.55e-05,"[33, 10, 29, 0, 0, 0, 0, 0]"
rings,"['R', 'IH', 'NG', 'Z']",['rings'],['rings'],0.0,2.14e-05,"[30, 10, 28, 38, 0, 0, 0, 0]"
bookmark,"['B', 'UH', 'K', 'M', 'AA', 'R', 'K']","['book', 'mark']","['book', '##mark']",0.0,1.1e-06,"[16, 14, 24, 26, 1, 30, 24, 0]"
trees,"['T', 'R', 'IY', 'Z']",['trees'],['trees'],0.0,4.9e-05,"[33, 30, 11, 38, 0, 0, 0, 0]"
tea,"['T', 'IY']",['tea'],['tea'],0.0,5.37e-05,"[33, 11, 0, 0, 0, 0, 0, 0]"
alabama,"['AE', 'L', 'AH', 'B', 'AE', 'M', 'AH']",['alabama'],['alabama'],0.0,1.82e-05,"[2, 25, 3, 16, 2, 26, 3, 0]"
arms,"['AA', 'R', 'M', 'Z']",['arms'],['arms'],0.0,6.61e-05,"[1, 30, 26, 38, 0, 0, 0, 0]"
drives,"['D', 'R', 'AY', 'V', 'Z']",['drives'],['drives'],0.0,1.91e-05,"[18, 30, 6, 35, 38, 0, 0, 0]"
bbc,"['B', 'IY', 'B', 'IY', 'S', 'IY']",['bbc'],['bbc'],0.0,3.72e-05,"[16, 11, 16, 11, 31, 11, 0, 0]"
smoking,"['S', 'M', 'OW', 'K', 'IH', 'NG']",['smoking'],['smoking'],0.0,3.31e-05,"[31, 26, 12, 24, 10, 28, 0, 0]"
adobe,"['AH', 'D', 'OW', 'B', 'IY']",['adobe'],['adobe'],0.0,3.39e-06,"[3, 18, 12, 16, 11, 0, 0, 0]"
beat,"['B', 'IY', 'T']",['beat'],['beat'],0.0,0.000102,"[16, 11, 33, 0, 0, 0, 0, 0]"
ann,"['AE', 'N']",['ann'],['ann'],0.0,2.24e-05,"[2, 27, 0, 0, 0, 0, 0, 0]"
hey,"['HH', 'EY']",['hey'],['hey'],0.0,0.000132,"[22, 9, 0, 0, 0, 0, 0, 0]"
cruise,"['K', 'R', 'UW', 'Z']",['cruise'],['cruise'],0.0,1.66e-05,"[24, 30, 15, 38, 0, 0, 0, 0]"
kept,"['K', 'EH', 'P', 'T']",['kept'],['kept'],0.0,0.0001,"[24, 7, 29, 33, 0, 0, 0, 0]"
cisco,"['S', 'IH', 'S', 'K', 'OW']",['cisco'],['cisco'],0.0,3.09e-06,"[31, 10, 31, 24, 12, 0, 0, 0]"
wars,"['W', 'AO', 'R', 'Z']",['wars'],['wars'],0.0,3.89e-05,"[36, 4, 30, 38, 0, 0, 0, 0]"
shares,"['SH', 'EH', 'R', 'Z']",['shares'],['shares'],0.0,3.98e-05,"[32, 7, 30, 38, 0, 0, 0, 0]"
phoenix,"['F', 'IY', 'N', 'IH', 'K', 'S']",['phoenix'],['phoenix'],0.0,1.62e-05,"[20, 11, 27, 10, 24, 31, 0, 0]"
inches,"['IH', 'N', 'CH', 'AH', 'Z']",['inches'],['inches'],0.0,2.24e-05,"[10, 27, 17, 3, 38, 0, 0, 0]"
daniel,"['D', 'AE', 'N', 'Y', 'AH', 'L']",['daniel'],['daniel'],0.0,4.17e-05,"[18, 2, 27, 37, 3, 25, 0, 0]"
sleep,"['S', 'L', 'IY', 'P']",['sleep'],['sleep'],0.0,0.000112,"[31, 25, 11, 29, 0, 0, 0, 0]"
rise,"['R', 'AY', 'Z']",['rise'],['rise'],0.0,6.46e-05,"[30, 6, 38, 0, 0, 0, 0, 0]"
dual,"['D', 'UW', 'AH', 'L']",['dual'],['dual'],0.0,1.91e-05,"[18, 15, 3, 25, 0, 0, 0, 0]"
amounts,"['AH', 'M', 'AW', 'N', 'T', 'S']",['amounts'],['amounts'],0.0,2.57e-05,"[3, 26, 5, 27, 33, 31, 0, 0]"
cycle,"['S', 'AY', 'K', 'AH', 'L']",['cycle'],['cycle'],0.0,3.98e-05,"[31, 6, 24, 3, 25, 0, 0, 0]"
singles,"['S', 'IH', 'NG', 'G', 'AH', 'L', 'Z']",['singles'],['singles'],0.0,2.75e-05,"[31, 10, 28, 21, 3, 25, 38, 0]"
helps,"['HH', 'EH', 'L', 'P', 'S']",['helps'],['helps'],0.0,5.5e-05,"[22, 7, 25, 29, 31, 0, 0, 0]"
row,"['R', 'OW']",['row'],['row'],0.0,3.98e-05,"[30, 12, 0, 0, 0, 0, 0, 0]"
bars,"['B', 'AA', 'R', 'Z']",['bars'],['bars'],0.0,2.82e-05,"[16, 1, 30, 38, 0, 0, 0, 0]"
bird,"['B', 'ER', 'D']",['bird'],['bird'],0.0,4.27e-05,"[16, 8, 18, 0, 0, 0, 0, 0]"
samples,"['S', 'AE', 'M', 'P', 'AH', 'L', 'Z']",['samples'],['samples'],0.0,2.19e-05,"[31, 2, 26, 29, 3, 25, 38, 0]"
spent,"['S', 'P', 'EH', 'N', 'T']",['spent'],['spent'],0.0,0.000105,"[31, 29, 7, 27, 33, 0, 0, 0]"
rare,"['R', 'EH', 'R']",['rare'],['rare'],0.0,5.89e-05,"[30, 7, 30, 0, 0, 0, 0, 0]"
mom,"['M', 'AA', 'M']",['mom'],['mom'],0.0,0.000132,"[26, 1, 26, 0, 0, 0, 0, 0]"
noted,"['N', 'OW', 'T', 'AH', 'D']",['noted'],['noted'],0.0,4.9e-05,"[27, 12, 33, 3, 18, 0, 0, 0]"
minor,"['M', 'AY', 'N', 'ER']",['minor'],['minor'],0.0,4.17e-05,"[26, 6, 27, 8, 0, 0, 0, 0]"
wales,"['W', 'EY', 'L', 'Z']",['wales'],['wales'],0.0,3.98e-05,"[36, 9, 25, 38, 0, 0, 0, 0]"
wear,"['W', 'EH', 'R']",['wear'],['wear'],0.0,8.32e-05,"[36, 7, 30, 0, 0, 0, 0, 0]"
gender,"['JH', 'EH', 'N', 'D', 'ER']",['gender'],['gender'],0.0,3.89e-05,"[23, 7, 27, 18, 8, 0, 0, 0]"
cape,"['K', 'EY', 'P']",['cape'],['cape'],0.0,2e-05,"[24, 9, 29, 0, 0, 0, 0, 0]"
les,"['L', 'EH', 'S']",['les'],['les'],0.0,1.26e-05,"[25, 7, 31, 0, 0, 0, 0, 0]"
toll,"['T', 'OW', 'L']",['toll'],['toll'],0.0,1.2e-05,"[33, 12, 25, 0, 0, 0, 0, 0]"
bids,"['B', 'IH', 'D', 'Z']",['bids'],['bids'],0.0,7.41e-06,"[16, 10, 18, 38, 0, 0, 0, 0]"
aim,"['EY', 'M']",['aim'],['aim'],0.0,3.24e-05,"[9, 26, 0, 0, 0, 0, 0, 0]"
vendor,"['V', 'EH', 'N', 'D', 'ER']",['vendor'],['vendor'],0.0,6.17e-06,"[35, 7, 27, 18, 8, 0, 0, 0]"
seat,"['S', 'IY', 'T']",['seat'],['seat'],0.0,6.61e-05,"[31, 11, 33, 0, 0, 0, 0, 0]"
dell,"['D', 'EH', 'L']",['dell'],['dell'],0.0,4.68e-06,"[18, 7, 25, 0, 0, 0, 0, 0]"
eat,"['IY', 'T']",['eat'],['eat'],0.0,0.000135,"[11, 33, 0, 0, 0, 0, 0, 0]"
achieve,"['AH', 'CH', 'IY', 'V']",['achieve'],['achieve'],0.0,3.72e-05,"[3, 17, 11, 35, 0, 0, 0, 0]"
academy,"['AH', 'K', 'AE', 'D', 'AH', 'M', 'IY']",['academy'],['academy'],0.0,3.72e-05,"[3, 24, 2, 18, 3, 26, 11, 0]"
drink,"['D', 'R', 'IH', 'NG', 'K']",['drink'],['drink'],0.0,7.94e-05,"[18, 30, 10, 28, 24, 0, 0, 0]"
fans,"['F', 'AE', 'N', 'Z']",['fans'],['fans'],0.0,0.000107,"[20, 2, 27, 38, 0, 0, 0, 0]"
writer,"['R', 'AY', 'T', 'ER']",['writer'],['writer'],0.0,4.9e-05,"[30, 6, 33, 8, 0, 0, 0, 0]"
lady,"['L', 'EY', 'D', 'IY']",['lady'],['lady'],0.0,8.91e-05,"[25, 9, 18, 11, 0, 0, 0, 0]"
hunter,"['HH', 'AH', 'N', 'T', 'ER']",['hunter'],['hunter'],0.0,2.34e-05,"[22, 3, 27, 33, 8, 0, 0, 0]"
scene,"['S', 'IY', 'N']",['scene'],['scene'],0.0,9.33e-05,"[31, 11, 27, 0, 0, 0, 0, 0]"
brazil,"['B', 'R', 'AH', 'Z', 'IH', 'L']",['brazil'],['brazil'],0.0,3.8e-05,"[16, 30, 3, 38, 10, 25, 0, 0]"
runs,"['R', 'AH', 'N', 'Z']",['runs'],['runs'],0.0,6.92e-05,"[30, 3, 27, 38, 0, 0, 0, 0]"
shape,"['SH', 'EY', 'P']",['shape'],['shape'],0.0,5.25e-05,"[32, 9, 29, 0, 0, 0, 0, 0]"
wilson,"['W', 'IH', 'L', 'S', 'AH', 'N']",['wilson'],['wilson'],0.0,3.39e-05,"[36, 10, 25, 31, 3, 27, 0, 0]"
aware,"['AH', 'W', 'EH', 'R']",['aware'],['aware'],0.0,6.03e-05,"[3, 36, 7, 30, 0, 0, 0, 0]"
evil,"['IY', 'V', 'AH', 'L']",['evil'],['evil'],0.0,5.5e-05,"[11, 35, 3, 25, 0, 0, 0, 0]"
fourth,"['F', 'AO', 'R', 'TH']",['fourth'],['fourth'],0.0,6.76e-05,"[20, 4, 30, 34, 0, 0, 0, 0]"
hills,"['HH', 'IH', 'L', 'Z']",['hills'],['hills'],0.0,2.88e-05,"[22, 10, 25, 38, 0, 0, 0, 0]"
boxes,"['B', 'AA', 'K', 'S', 'AH', 'Z']",['boxes'],['boxes'],0.0,2.19e-05,"[16, 1, 24, 31, 3, 38, 0, 0]"
yeah,"['Y', 'AE']",['yeah'],['yeah'],0.0,0.000234,"[37, 2, 0, 0, 0, 0, 0, 0]"
trends,"['T', 'R', 'EH', 'N', 'D', 'Z']",['trends'],['trends'],0.0,2.09e-05,"[33, 30, 7, 27, 18, 38, 0, 0]"
greatest,"['G', 'R', 'EY', 'T', 'AH', 'S', 'T']",['greatest'],['greatest'],0.0,6.17e-05,"[21, 30, 9, 33, 3, 31, 33, 0]"
cream,"['K', 'R', 'IY', 'M']",['cream'],['cream'],0.0,4.17e-05,"[24, 30, 11, 26, 0, 0, 0, 0]"
stress,"['S', 'T', 'R', 'EH', 'S']",['stress'],['stress'],0.0,5.37e-05,"[31, 33, 30, 7, 31, 0, 0, 0]"
sydney,"['S', 'IH', 'D', 'N', 'IY']",['sydney'],['sydney'],0.0,3.39e-05,"[31, 10, 18, 27, 11, 0, 0, 0]"
parks,"['P', 'AA', 'R', 'K', 'S']",['parks'],['parks'],0.0,2.14e-05,"[29, 1, 30, 24, 31, 0, 0, 0]"
pieces,"['P', 'IY', 'S', 'AH', 'Z']",['pieces'],['pieces'],0.0,5.25e-05,"[29, 11, 31, 3, 38, 0, 0, 0]"
don,"['D', 'AA', 'N']",['don'],['don'],0.0,3.98e-05,"[18, 1, 27, 0, 0, 0, 0, 0]"
ideal,"['AY', 'D', 'IY', 'L']",['ideal'],['ideal'],0.0,2.75e-05,"[6, 18, 11, 25, 0, 0, 0, 0]"
pair,"['P', 'EH', 'R']",['pair'],['pair'],0.0,5.25e-05,"[29, 7, 30, 0, 0, 0, 0, 0]"
maine,"['M', 'EY', 'N']",['maine'],['maine'],0.0,1.45e-05,"[26, 9, 27, 0, 0, 0, 0, 0]"
wheel,"['W', 'IY', 'L']",['wheel'],['wheel'],0.0,3.16e-05,"[36, 11, 25, 0, 0, 0, 0, 0]"
greek,"['G', 'R', 'IY', 'K']",['greek'],['greek'],0.0,3.16e-05,"[21, 30, 11, 24, 0, 0, 0, 0]"
pin,"['P', 'IH', 'N']",['pin'],['pin'],0.0,1.91e-05,"[29, 10, 27, 0, 0, 0, 0, 0]"
noise,"['N', 'OY', 'Z']",['noise'],['noise'],0.0,3.55e-05,"[27, 13, 38, 0, 0, 0, 0, 0]"
width,"['W', 'IH', 'D', 'TH']",['width'],['width'],0.0,1.05e-05,"[36, 10, 18, 34, 0, 0, 0, 0]"
matches,"['M', 'AE', 'CH', 'AH', 'Z']",['matches'],['matches'],0.0,3.89e-05,"[26, 2, 17, 3, 38, 0, 0, 0]"
bell,"['B', 'EH', 'L']",['bell'],['bell'],0.0,3.89e-05,"[16, 7, 25, 0, 0, 0, 0, 0]"
lights,"['L', 'AY', 'T', 'S']",['lights'],['lights'],0.0,4.37e-05,"[25, 6, 33, 31, 0, 0, 0, 0]"
salt,"['S', 'AO', 'L', 'T']",['salt'],['salt'],0.0,3.98e-05,"[31, 4, 25, 33, 0, 0, 0, 0]"
dick,"['D', 'IH', 'K']",['dick'],['dick'],0.0,5.01e-05,"[18, 10, 24, 0, 0, 0, 0, 0]"
tim,"['T', 'IH', 'M']",['tim'],['tim'],0.0,3.24e-05,"[33, 10, 26, 0, 0, 0, 0, 0]"
peak,"['P', 'IY', 'K']",['peak'],['peak'],0.0,3.39e-05,"[29, 11, 24, 0, 0, 0, 0, 0]"
census,"['S', 'EH', 'N', 'S', 'AH', 'S']",['census'],['census'],0.0,1.55e-05,"[31, 7, 27, 31, 3, 31, 0, 0]"
mixed,"['M', 'IH', 'K', 'S', 'T']",['mixed'],['mixed'],0.0,4.37e-05,"[26, 10, 24, 31, 33, 0, 0, 0]"
charts,"['CH', 'AA', 'R', 'T', 'S']",['charts'],['charts'],0.0,1.45e-05,"[17, 1, 30, 33, 31, 0, 0, 0]"
ink,"['IH', 'NG', 'K']",['ink'],['ink'],0.0,1.17e-05,"[10, 28, 24, 0, 0, 0, 0, 0]"
cap,"['K', 'AE', 'P']",['cap'],['cap'],0.0,3.24e-05,"[24, 2, 29, 0, 0, 0, 0, 0]"
euro,"['Y', 'UW', 'R', 'OW']",['euro'],['euro'],0.0,1.23e-05,"[37, 15, 30, 12, 0, 0, 0, 0]"
firms,"['F', 'ER', 'M', 'Z']",['firms'],['firms'],0.0,2.4e-05,"[20, 8, 26, 38, 0, 0, 0, 0]"
miller,"['M', 'IH', 'L', 'ER']",['miller'],['miller'],0.0,3.16e-05,"[26, 10, 25, 8, 0, 0, 0, 0]"
adding,"['AE', 'D', 'IH', 'NG']",['adding'],['adding'],0.0,4.68e-05,"[2, 18, 10, 28, 0, 0, 0, 0]"
nine,"['N', 'AY', 'N']",['nine'],['nine'],0.0,7.41e-05,"[27, 6, 27, 0, 0, 0, 0, 0]"
hip,"['HH', 'IH', 'P']",['hip'],['hip'],0.0,2.88e-05,"[22, 10, 29, 0, 0, 0, 0, 0]"
slow,"['S', 'L', 'OW']",['slow'],['slow'],0.0,7.08e-05,"[31, 25, 12, 0, 0, 0, 0, 0]"
toy,"['T', 'OY']",['toy'],['toy'],0.0,2e-05,"[33, 13, 0, 0, 0, 0, 0, 0]"
viagra,"['V', 'IY', 'AE', 'G', 'R', 'AH']","['via', 'gra']","['via', '##gra']",0.0,1.74e-06,"[35, 11, 2, 21, 30, 3, 0, 0]"
frames,"['F', 'R', 'EY', 'M', 'Z']",['frames'],['frames'],0.0,1.02e-05,"[20, 30, 9, 26, 38, 0, 0, 0]"
caused,"['K', 'AA', 'Z', 'D']",['caused'],['caused'],0.0,7.59e-05,"[24, 1, 38, 18, 0, 0, 0, 0]"
clothes,"['K', 'L', 'OW', 'DH', 'Z']",['clothes'],['clothes'],0.0,5.25e-05,"[24, 25, 12, 19, 38, 0, 0, 0]"
mostly,"['M', 'OW', 'S', 'T', 'L', 'IY']",['mostly'],['mostly'],0.0,6.76e-05,"[26, 12, 31, 33, 25, 11, 0, 0]"
refer,"['R', 'AH', 'F', 'ER']",['refer'],['refer'],0.0,2.82e-05,"[30, 3, 20, 8, 0, 0, 0, 0]"
gambling,"['G', 'AE', 'M', 'B', 'AH', 'L', 'IH', 'NG']",['gambling'],['gambling'],0.0,1.2e-05,"[21, 2, 26, 16, 3, 25, 10, 28]"
hide,"['HH', 'AY', 'D']",['hide'],['hide'],0.0,3.47e-05,"[22, 6, 18, 0, 0, 0, 0, 0]"
rom,"['R', 'AA', 'M']",['rom'],['rom'],0.0,5.62e-06,"[30, 1, 26, 0, 0, 0, 0, 0]"
nearby,"['N', 'IH', 'R', 'B', 'AY']",['nearby'],['nearby'],0.0,3.55e-05,"[27, 10, 30, 16, 6, 0, 0, 0]"
utah,"['Y', 'UW', 'T', 'AO']",['utah'],['utah'],0.0,1.7e-05,"[37, 15, 33, 4, 0, 0, 0, 0]"
sky,"['S', 'K', 'AY']",['sky'],['sky'],0.0,5.25e-05,"[31, 24, 6, 0, 0, 0, 0, 0]"
dress,"['D', 'R', 'EH', 'S']",['dress'],['dress'],0.0,5.75e-05,"[18, 30, 7, 31, 0, 0, 0, 0]"
suites,"['S', 'W', 'IY', 'T', 'S']",['suites'],['suites'],0.0,3.09e-06,"[31, 36, 11, 33, 31, 0, 0, 0]"
ride,"['R', 'AY', 'D']",['ride'],['ride'],0.0,7.08e-05,"[30, 6, 18, 0, 0, 0, 0, 0]"
pets,"['P', 'EH', 'T', 'S']",['pets'],['pets'],0.0,1.2e-05,"[29, 7, 33, 31, 0, 0, 0, 0]"
hole,"['HH', 'OW', 'L']",['hole'],['hole'],0.0,4.57e-05,"[22, 12, 25, 0, 0, 0, 0, 0]"
empty,"['EH', 'M', 'P', 'T', 'IY']",['empty'],['empty'],0.0,3.89e-05,"[7, 26, 29, 33, 11, 0, 0, 0]"
bass,"['B', 'AE', 'S']",['bass'],['bass'],0.0,1.91e-05,"[16, 2, 31, 0, 0, 0, 0, 0]"
dna,"['D', 'IY', 'EH', 'N', 'EY']",['dna'],['dna'],0.0,3.09e-05,"[18, 11, 7, 27, 9, 0, 0, 0]"
proof,"['P', 'R', 'UW', 'F']",['proof'],['proof'],0.0,5.01e-05,"[29, 30, 15, 20, 0, 0, 0, 0]"
onto,"['AA', 'N', 'T', 'UW']",['onto'],['onto'],0.0,5.89e-05,"[1, 27, 33, 15, 0, 0, 0, 0]"
rain,"['R', 'EY', 'N']",['rain'],['rain'],0.0,5.13e-05,"[30, 9, 27, 0, 0, 0, 0, 0]"
rice,"['R', 'AY', 'S']",['rice'],['rice'],0.0,3.55e-05,"[30, 6, 31, 0, 0, 0, 0, 0]"
dot,"['D', 'AA', 'T']",['dot'],['dot'],0.0,1.12e-05,"[18, 1, 33, 0, 0, 0, 0, 0]"
clock,"['K', 'L', 'AA', 'K']",['clock'],['clock'],0.0,2.69e-05,"[24, 25, 1, 24, 0, 0, 0, 0]"
grow,"['G', 'R', 'OW']",['grow'],['grow'],0.0,7.94e-05,"[21, 30, 12, 0, 0, 0, 0, 0]"
spend,"['S', 'P', 'EH', 'N', 'D']",['spend'],['spend'],0.0,9.33e-05,"[31, 29, 7, 27, 18, 0, 0, 0]"
prints,"['P', 'R', 'IH', 'N', 'T', 'S']",['prints'],['prints'],0.0,1.2e-05,"[29, 30, 10, 27, 33, 31, 0, 0]"
taylor,"['T', 'EY', 'L', 'ER']",['taylor'],['taylor'],0.0,4.47e-05,"[33, 9, 25, 8, 0, 0, 0, 0]"
spot,"['S', 'P', 'AA', 'T']",['spot'],['spot'],0.0,7.76e-05,"[31, 29, 1, 33, 0, 0, 0, 0]"
eric,"['EH', 'R', 'IH', 'K']",['eric'],['eric'],0.0,3.09e-05,"[7, 30, 10, 24, 0, 0, 0, 0]"
stamps,"['S', 'T', 'AE', 'M', 'P', 'S']",['stamps'],['stamps'],0.0,8.13e-06,"[31, 33, 2, 26, 29, 31, 0, 0]"
pants,"['P', 'AE', 'N', 'T', 'S']",['pants'],['pants'],0.0,3.02e-05,"[29, 2, 27, 33, 31, 0, 0, 0]"
eagle,"['IY', 'G', 'AH', 'L']",['eagle'],['eagle'],0.0,1.35e-05,"[11, 21, 3, 25, 0, 0, 0, 0]"
era,"['EH', 'R', 'AH']",['era'],['era'],0.0,4.68e-05,"[7, 30, 3, 0, 0, 0, 0, 0]"
blackjack,"['B', 'L', 'AE', 'K', 'JH', 'AE', 'K']","['black', 'jack']","['black', '##jack']",0.0,1.45e-06,"[16, 25, 2, 24, 23, 2, 24, 0]"
liberty,"['L', 'IH', 'B', 'ER', 'T', 'IY']",['liberty'],['liberty'],0.0,2.19e-05,"[25, 10, 16, 8, 33, 11, 0, 0]"
worst,"['W', 'ER', 'S', 'T']",['worst'],['worst'],0.0,8.51e-05,"[36, 8, 31, 33, 0, 0, 0, 0]"
vinyl,"['V', 'AY', 'N', 'AH', 'L']",['vinyl'],['vinyl'],0.0,1e-05,"[35, 6, 27, 3, 25, 0, 0, 0]"
rob,"['R', 'AA', 'B']",['rob'],['rob'],0.0,2.24e-05,"[30, 1, 16, 0, 0, 0, 0, 0]"
angle,"['AE', 'NG', 'G', 'AH', 'L']",['angle'],['angle'],0.0,2.4e-05,"[2, 28, 21, 3, 25, 0, 0, 0]"
nurse,"['N', 'ER', 'S']",['nurse'],['nurse'],0.0,2.51e-05,"[27, 8, 31, 0, 0, 0, 0, 0]"
voltage,"['V', 'OW', 'L', 'T', 'AH', 'JH']",['voltage'],['voltage'],0.0,1.05e-05,"[35, 12, 25, 33, 3, 23, 0, 0]"
alarm,"['AH', 'L', 'AA', 'R', 'M']",['alarm'],['alarm'],0.0,1.91e-05,"[3, 25, 1, 30, 26, 0, 0, 0]"
seats,"['S', 'IY', 'T', 'S']",['seats'],['seats'],0.0,3.39e-05,"[31, 11, 33, 31, 0, 0, 0, 0]"
shipped,"['SH', 'IH', 'P', 'T']",['shipped'],['shipped'],0.0,1.07e-05,"[32, 10, 29, 33, 0, 0, 0, 0]"
achieved,"['AH', 'CH', 'IY', 'V', 'D']",['achieved'],['achieved'],0.0,3.09e-05,"[3, 17, 11, 35, 18, 0, 0, 0]"
proud,"['P', 'R', 'AW', 'D']",['proud'],['proud'],0.0,6.03e-05,"[29, 30, 5, 18, 0, 0, 0, 0]"
lease,"['L', 'IY', 'S']",['lease'],['lease'],0.0,1.48e-05,"[25, 11, 31, 0, 0, 0, 0, 0]"
belt,"['B', 'EH', 'L', 'T']",['belt'],['belt'],0.0,2.63e-05,"[16, 7, 25, 33, 0, 0, 0, 0]"
cache,"['K', 'AE', 'SH']",['cache'],['cache'],0.0,4.27e-06,"[24, 2, 32, 0, 0, 0, 0, 0]"
crack,"['K', 'R', 'AE', 'K']",['crack'],['crack'],0.0,2.57e-05,"[24, 30, 2, 24, 0, 0, 0, 0]"
blind,"['B', 'L', 'AY', 'N', 'D']",['blind'],['blind'],0.0,3.31e-05,"[16, 25, 6, 27, 18, 0, 0, 0]"
apart,"['AH', 'P', 'AA', 'R', 'T']",['apart'],['apart'],0.0,6.03e-05,"[3, 29, 1, 30, 33, 0, 0, 0]"
cake,"['K', 'EY', 'K']",['cake'],['cake'],0.0,3.39e-05,"[24, 9, 24, 0, 0, 0, 0, 0]"
craft,"['K', 'R', 'AE', 'F', 'T']",['craft'],['craft'],0.0,2e-05,"[24, 30, 2, 20, 33, 0, 0, 0]"
apache,"['AH', 'P', 'AE', 'CH', 'IY']",['apache'],['apache'],0.0,3.47e-06,"[3, 29, 2, 17, 11, 0, 0, 0]"
smoke,"['S', 'M', 'OW', 'K']",['smoke'],['smoke'],0.0,4.68e-05,"[31, 26, 12, 24, 0, 0, 0, 0]"
semester,"['S', 'AH', 'M', 'EH', 'S', 'T', 'ER']",['semester'],['semester'],0.0,1.07e-05,"[31, 3, 26, 7, 31, 33, 8, 0]"
gang,"['G', 'AE', 'NG']",['gang'],['gang'],0.0,3.16e-05,"[21, 2, 28, 0, 0, 0, 0, 0]"
picks,"['P', 'IH', 'K', 'S']",['picks'],['picks'],0.0,1.74e-05,"[29, 10, 24, 31, 0, 0, 0, 0]"
turns,"['T', 'ER', 'N', 'Z']",['turns'],['turns'],0.0,5.75e-05,"[33, 8, 27, 38, 0, 0, 0, 0]"
maker,"['M', 'EY', 'K', 'ER']",['maker'],['maker'],0.0,1.7e-05,"[26, 9, 24, 8, 0, 0, 0, 0]"
par,"['P', 'AA', 'R']",['par'],['par'],0.0,1.41e-05,"[29, 1, 30, 0, 0, 0, 0, 0]"
crown,"['K', 'R', 'AW', 'N']",['crown'],['crown'],0.0,3.63e-05,"[24, 30, 5, 27, 0, 0, 0, 0]"
jet,"['JH', 'EH', 'T']",['jet'],['jet'],0.0,1.95e-05,"[23, 7, 33, 0, 0, 0, 0, 0]"
cheese,"['CH', 'IY', 'Z']",['cheese'],['cheese'],0.0,3.72e-05,"[17, 11, 38, 0, 0, 0, 0, 0]"
dial,"['D', 'AY', 'AH', 'L']",['dial'],['dial'],0.0,8.51e-06,"[18, 6, 3, 25, 0, 0, 0, 0]"
luck,"['L', 'AH', 'K']",['luck'],['luck'],0.0,8.13e-05,"[25, 3, 24, 0, 0, 0, 0, 0]"
quiet,"['K', 'W', 'AY', 'AH', 'T']",['quiet'],['quiet'],0.0,4.47e-05,"[24, 36, 6, 3, 33, 0, 0, 0]"
adams,"['AE', 'D', 'AH', 'M', 'Z']",['adams'],['adams'],0.0,1.78e-05,"[2, 18, 3, 26, 38, 0, 0, 0]"
cruises,"['K', 'R', 'UW', 'Z', 'IH', 'Z']",['cruises'],['cruises'],0.0,2.63e-06,"[24, 30, 15, 38, 10, 38, 0, 0]"
med,"['M', 'EH', 'D']",['med'],['med'],0.0,7.59e-06,"[26, 7, 18, 0, 0, 0, 0, 0]"
hamilton,"['HH', 'AE', 'M', 'AH', 'L', 'T', 'AH', 'N']",['hamilton'],['hamilton'],0.0,2.04e-05,"[22, 2, 26, 3, 25, 33, 3, 27]"
bugs,"['B', 'AH', 'G', 'Z']",['bugs'],['bugs'],0.0,1.1e-05,"[16, 3, 21, 38, 0, 0, 0, 0]"
columns,"['K', 'AA', 'L', 'AH', 'M', 'Z']",['columns'],['columns'],0.0,9.33e-06,"[24, 1, 25, 3, 26, 38, 0, 0]"
bone,"['B', 'OW', 'N']",['bone'],['bone'],0.0,2.95e-05,"[16, 12, 27, 0, 0, 0, 0, 0]"
villa,"['V', 'IH', 'L', 'AH']",['villa'],['villa'],0.0,1.58e-05,"[35, 10, 25, 3, 0, 0, 0, 0]"
bang,"['B', 'AE', 'NG']",['bang'],['bang'],0.0,2.09e-05,"[16, 2, 28, 0, 0, 0, 0, 0]"
alex,"['AE', 'L', 'AH', 'K', 'S']",['alex'],['alex'],0.0,4.17e-05,"[2, 25, 3, 24, 31, 0, 0, 0]"
gate,"['G', 'EY', 'T']",['gate'],['gate'],0.0,2.95e-05,"[21, 9, 33, 0, 0, 0, 0, 0]"
ing,"['IH', 'NG']",['ing'],['ing'],0.0,8.91e-06,"[10, 28, 0, 0, 0, 0, 0, 0]"
susan,"['S', 'UW', 'Z', 'AH', 'N']",['susan'],['susan'],0.0,1.74e-05,"[31, 15, 38, 3, 27, 0, 0, 0]"
grace,"['G', 'R', 'EY', 'S']",['grace'],['grace'],0.0,3.63e-05,"[21, 30, 9, 31, 0, 0, 0, 0]"
meat,"['M', 'IY', 'T']",['meat'],['meat'],0.0,4.27e-05,"[26, 11, 33, 0, 0, 0, 0, 0]"
tampa,"['T', 'AE', 'M', 'P', 'AH']",['tampa'],['tampa'],0.0,8.32e-06,"[33, 2, 26, 29, 3, 0, 0, 0]"
bottle,"['B', 'AA', 'T', 'AH', 'L']",['bottle'],['bottle'],0.0,3.72e-05,"[16, 1, 33, 3, 25, 0, 0, 0]"
marked,"['M', 'AA', 'R', 'K', 'T']",['marked'],['marked'],0.0,3.16e-05,"[26, 1, 30, 24, 33, 0, 0, 0]"
caught,"['K', 'AA', 'T']",['caught'],['caught'],0.0,7.94e-05,"[24, 1, 33, 0, 0, 0, 0, 0]"
wing,"['W', 'IH', 'NG']",['wing'],['wing'],0.0,4.07e-05,"[36, 10, 28, 0, 0, 0, 0, 0]"
tube,"['T', 'UW', 'B']",['tube'],['tube'],0.0,2.29e-05,"[33, 15, 16, 0, 0, 0, 0, 0]"
sides,"['S', 'AY', 'D', 'Z']",['sides'],['sides'],0.0,5.37e-05,"[31, 6, 18, 38, 0, 0, 0, 0]"
gap,"['G', 'AE', 'P']",['gap'],['gap'],0.0,2.95e-05,"[21, 2, 29, 0, 0, 0, 0, 0]"
trips,"['T', 'R', 'IH', 'P', 'S']",['trips'],['trips'],0.0,1.7e-05,"[33, 30, 10, 29, 31, 0, 0, 0]"
jay,"['JH', 'EY']",['jay'],['jay'],0.0,2.4e-05,"[23, 9, 0, 0, 0, 0, 0, 0]"
rail,"['R', 'EY', 'L']",['rail'],['rail'],0.0,2.57e-05,"[30, 9, 25, 0, 0, 0, 0, 0]"
tiny,"['T', 'AY', 'N', 'IY']",['tiny'],['tiny'],0.0,4.17e-05,"[33, 6, 27, 11, 0, 0, 0, 0]"
taste,"['T', 'EY', 'S', 'T']",['taste'],['taste'],0.0,5.37e-05,"[33, 9, 31, 33, 0, 0, 0, 0]"
scripts,"['S', 'K', 'R', 'IH', 'P', 'T', 'S']",['scripts'],['scripts'],0.0,5.13e-06,"[31, 24, 30, 10, 29, 33, 31, 0]"
lounge,"['L', 'AW', 'N', 'JH']",['lounge'],['lounge'],0.0,8.32e-06,"[25, 5, 27, 23, 0, 0, 0, 0]"
neck,"['N', 'EH', 'K']",['neck'],['neck'],0.0,4.27e-05,"[27, 7, 24, 0, 0, 0, 0, 0]"
leg,"['L', 'EH', 'G']",['leg'],['leg'],0.0,4.57e-05,"[25, 7, 21, 0, 0, 0, 0, 0]"
brings,"['B', 'R', 'IH', 'NG', 'Z']",['brings'],['brings'],0.0,4.07e-05,"[16, 30, 10, 28, 38, 0, 0, 0]"
busy,"['B', 'IH', 'Z', 'IY']",['busy'],['busy'],0.0,5.62e-05,"[16, 10, 38, 11, 0, 0, 0, 0]"
dragon,"['D', 'R', 'AE', 'G', 'AH', 'N']",['dragon'],['dragon'],0.0,2.57e-05,"[18, 30, 2, 21, 3, 27, 0, 0]"
forever,"['F', 'ER', 'EH', 'V', 'ER']",['forever'],['forever'],0.0,5.5e-05,"[20, 8, 7, 35, 8, 0, 0, 0]"
